ts,balance
1609459200.0,0.0
1609462800.0,0.0
1609466400.0,0.0
1609470000.0,0.0
1609473600.0,0.0
1609477200.0,0.0
1609480800.0,0.0
1609484400.0,0.0
1609488000.0,0.0
1609491600.0,0.0
1609495200.0,0.0
1609498800.0,0.0
1609502400.0,0.0
1609506000.0,0.0
1609509600.0,0.0
1609513200.0,0.0
1609516800.0,0.0
1609520400.0,0.0
1609524000.0,0.0
1609527600.0,0.0
1609531200.0,0.0
1609534800.0,0.0
1609538400.0,0.0
1609542000.0,0.0
1609545600.0,0.0
1609549200.0,0.0
1609552800.0,0.0
1609556400.0,0.0
1609560000.0,0.0
1609563600.0,0.0
1609567200.0,0.0
1609570800.0,0.0
1609574400.0,0.0
1609578000.0,0.0
1609581600.0,0.0
1609585200.0,0.0
1609588800.0,0.0
1609592400.0,0.0
1609596000.0,0.0
1609599600.0,0.0
1609603200.0,0.0
1609606800.0,0.0
1609610400.0,0.0
1609614000.0,0.0
1609617600.0,0.0
1609621200.0,0.0
1609624800.0,0.0
1609628400.0,0.0
1609632000.0,0.0
1609635600.0,0.0
1609639200.0,0.0
1609642800.0,0.0
1609646400.0,0.0
1609650000.0,0.0
1609653600.0,0.0
1609657200.0,0.0
1609660800.0,0.0
1609664400.0,0.0
1609668000.0,0.0
1609671600.0,0.0
1609675200.0,0.0
1609678800.0,0.0
1609682400.0,0.0
1609686000.0,0.0
1609689600.0,0.0
1609693200.0,0.0
1609696800.0,0.0
1609700400.0,0.0
1609704000.0,0.0
1609707600.0,0.0
1609711200.0,0.0
1609714800.0,0.0
1609718400.0,0.0
1609722000.0,0.0
1609725600.0,0.0
1609729200.0,0.0
1609732800.0,0.0
1609736400.0,0.0
1609740000.0,0.0
1609743600.0,0.0
1609747200.0,0.0
1609750800.0,0.0
1609754400.0,0.0
1609758000.0,0.0
1609761600.0,0.0
1609765200.0,0.0
1609768800.0,0.0
1609772400.0,0.0
1609776000.0,0.0
1609779600.0,0.0
1609783200.0,0.0
1609786800.0,0.0
1609790400.0,0.0
1609794000.0,0.0
1609797600.0,0.0
1609801200.0,0.0
1609804800.0,0.0
1609808400.0,0.0
1609812000.0,0.0
1609815600.0,0.0
1609819200.0,0.0
1609822800.0,0.0
1609826400.0,0.0
1609830000.0,0.0
1609833600.0,0.0
1609837200.0,0.0
1609840800.0,0.0
1609844400.0,0.0
1609848000.0,0.0
1609851600.0,0.0
1609855200.0,0.0
1609858800.0,0.0
1609862400.0,0.0
1609866000.0,0.0
1609869600.0,0.0
1609873200.0,0.0
1609876800.0,0.0
1609880400.0,0.0
1609884000.0,0.0
1609887600.0,0.0
1609891200.0,0.0
1609894800.0,0.0
1609898400.0,0.0
1609902000.0,0.0
1609905600.0,0.0
1609909200.0,0.0
1609912800.0,0.0
1609916400.0,0.0
1609920000.0,0.0
1609923600.0,0.0
1609927200.0,0.0
1609930800.0,0.0
1609934400.0,0.0
1609938000.0,0.0
1609941600.0,0.0
1609945200.0,0.0
1609948800.0,0.0
1609952400.0,0.0
1609956000.0,0.0
1609959600.0,0.0
1609963200.0,0.0
1609966800.0,0.0
1609970400.0,0.0
1609974000.0,0.0
1609977600.0,0.0
1609981200.0,0.0
1609984800.0,0.0
1609988400.0,0.0
1609992000.0,0.0
1609995600.0,0.0
1609999200.0,0.0
1610002800.0,0.0
1610006400.0,0.0
1610010000.0,0.0
1610013600.0,0.0
1610017200.0,0.0
1610020800.0,0.0
1610024400.0,0.0
1610028000.0,0.0
1610031600.0,0.0
1610035200.0,0.0
1610038800.0,0.0
1610042400.0,0.0
1610046000.0,0.0
1610049600.0,0.0
1610053200.0,0.0
1610056800.0,0.0
1610060400.0,0.0
1610064000.0,0.0
1610067600.0,0.0
1610071200.0,0.0
1610074800.0,0.0
1610078400.0,0.0
1610082000.0,0.0
1610085600.0,0.0
1610089200.0,0.0
1610092800.0,0.0
1610096400.0,0.0
1610100000.0,0.0
1610103600.0,0.0
1610107200.0,0.0
1610110800.0,0.0
1610114400.0,0.0
1610118000.0,0.0
1610121600.0,0.0
1610125200.0,0.0
1610128800.0,0.0
1610132400.0,0.0
1610136000.0,0.0
1610139600.0,0.0
1610143200.0,0.0
1610146800.0,0.0
1610150400.0,0.0
1610154000.0,0.0
1610157600.0,0.0
1610161200.0,0.0
1610164800.0,0.0
1610168400.0,0.0
1610172000.0,0.0
1610175600.0,0.0
1610179200.0,0.0
1610182800.0,0.0
1610186400.0,0.0
1610190000.0,0.0
1610193600.0,0.0
1610197200.0,0.0
1610200800.0,0.0
1610204400.0,0.0
1610208000.0,0.0
1610211600.0,0.0
1610215200.0,0.0
1610218800.0,0.0
1610222400.0,0.0
1610226000.0,0.0
1610229600.0,0.0
1610233200.0,0.0
1610236800.0,0.0
1610240400.0,0.0
1610244000.0,0.0
1610247600.0,0.0
1610251200.0,0.0
1610254800.0,0.0
1610258400.0,0.0
1610262000.0,0.0
1610265600.0,0.0
1610269200.0,0.0
1610272800.0,0.0
1610276400.0,0.0
1610280000.0,0.0
1610283600.0,0.0
1610287200.0,0.0
1610290800.0,0.0
1610294400.0,0.0
1610298000.0,0.0
1610301600.0,0.0
1610305200.0,0.0
1610308800.0,0.0
1610312400.0,0.0
1610316000.0,0.0
1610319600.0,0.0
1610323200.0,0.0
1610326800.0,0.0
1610330400.0,0.0
1610334000.0,0.0
1610337600.0,0.0
1610341200.0,0.0
1610344800.0,0.0
1610348400.0,0.0
1610352000.0,0.0
1610355600.0,0.0
1610359200.0,0.0
1610362800.0,0.0
1610366400.0,0.0
1610370000.0,0.0
1610373600.0,0.0
1610377200.0,0.0
1610380800.0,0.0
1610384400.0,0.0
1610388000.0,0.0
1610391600.0,0.0
1610395200.0,0.0
1610398800.0,0.0
1610402400.0,0.0
1610406000.0,0.0
1610409600.0,0.0
1610413200.0,0.0
1610416800.0,0.0
1610420400.0,0.0
1610424000.0,0.0
1610427600.0,0.0
1610431200.0,0.0
1610434800.0,0.0
1610438400.0,0.0
1610442000.0,0.0
1610445600.0,0.0
1610449200.0,0.0
1610452800.0,0.0
1610456400.0,0.0
1610460000.0,0.0
1610463600.0,0.0
1610467200.0,0.0
1610470800.0,0.0
1610474400.0,0.0
1610478000.0,0.0
1610481600.0,0.0
1610485200.0,0.0
1610488800.0,0.0
1610492400.0,0.0
1610496000.0,0.0
1610499600.0,0.0
1610503200.0,0.0
1610506800.0,0.0
1610510400.0,0.0
1610514000.0,0.0
1610517600.0,0.0
1610521200.0,0.0
1610524800.0,0.0
1610528400.0,0.0
1610532000.0,0.0
1610535600.0,0.0
1610539200.0,0.0
1610542800.0,0.0
1610546400.0,0.0
1610550000.0,0.0
1610553600.0,0.0
1610557200.0,0.0
1610560800.0,0.0
1610564400.0,0.0
1610568000.0,0.0
1610571600.0,0.0
1610575200.0,0.0
1610578800.0,0.0
1610582400.0,0.0
1610586000.0,0.0
1610589600.0,0.0
1610593200.0,0.0
1610596800.0,0.0
1610600400.0,0.0
1610604000.0,0.0
1610607600.0,0.0
1610611200.0,0.0
1610614800.0,0.0
1610618400.0,0.0
1610622000.0,0.0
1610625600.0,0.0
1610629200.0,0.0
1610632800.0,0.0
1610636400.0,0.0
1610640000.0,0.0
1610643600.0,0.0
1610647200.0,0.0
1610650800.0,0.0
1610654400.0,0.0
1610658000.0,0.0
1610661600.0,0.0
1610665200.0,0.0
1610668800.0,0.0
1610672400.0,0.0
1610676000.0,0.0
1610679600.0,0.0
1610683200.0,0.0
1610686800.0,0.0
1610690400.0,0.0
1610694000.0,0.0
1610697600.0,0.0
1610701200.0,0.0
1610704800.0,0.0
1610708400.0,0.0
1610712000.0,0.0
1610715600.0,0.0
1610719200.0,0.0
1610722800.0,0.0
1610726400.0,0.0
1610730000.0,0.0
1610733600.0,0.0
1610737200.0,0.0
1610740800.0,0.0
1610744400.0,0.0
1610748000.0,0.0
1610751600.0,0.0
1610755200.0,0.0
1610758800.0,0.0
1610762400.0,0.0
1610766000.0,0.0
1610769600.0,0.0
1610773200.0,0.0
1610776800.0,0.0
1610780400.0,0.0
1610784000.0,0.0
1610787600.0,0.0
1610791200.0,0.0
1610794800.0,0.0
1610798400.0,0.0
1610802000.0,0.0
1610805600.0,0.0
1610809200.0,0.0
1610812800.0,0.0
1610816400.0,0.0
1610820000.0,0.0
1610823600.0,0.0
1610827200.0,0.0
1610830800.0,0.0
1610834400.0,0.0
1610838000.0,0.0
1610841600.0,0.0
1610845200.0,0.0
1610848800.0,0.0
1610852400.0,0.0
1610856000.0,0.0
1610859600.0,0.0
1610863200.0,0.0
1610866800.0,0.0
1610870400.0,0.0
1610874000.0,0.0
1610877600.0,0.0
1610881200.0,0.0
1610884800.0,0.0
1610888400.0,0.0
1610892000.0,0.0
1610895600.0,0.0
1610899200.0,0.0
1610902800.0,0.0
1610906400.0,0.0
1610910000.0,0.0
1610913600.0,0.0
1610917200.0,0.0
1610920800.0,0.0
1610924400.0,0.0
1610928000.0,0.0
1610931600.0,0.0
1610935200.0,0.0
1610938800.0,0.0
1610942400.0,0.0
1610946000.0,0.0
1610949600.0,0.0
1610953200.0,0.0
1610956800.0,0.0
1610960400.0,0.0
1610964000.0,0.0
1610967600.0,0.0
1610971200.0,0.0
1610974800.0,0.0
1610978400.0,0.0
1610982000.0,0.0
1610985600.0,0.0
1610989200.0,0.0
1610992800.0,0.0
1610996400.0,0.0
1611000000.0,0.0
1611003600.0,0.0
1611007200.0,0.0
1611010800.0,0.0
1611014400.0,0.0
1611018000.0,0.0
1611021600.0,0.0
1611025200.0,0.0
1611028800.0,0.0
1611032400.0,0.0
1611036000.0,0.0
1611039600.0,0.0
1611043200.0,0.0
1611046800.0,0.0
1611050400.0,0.0
1611054000.0,0.0
1611057600.0,0.0
1611061200.0,0.0
1611064800.0,0.0
1611068400.0,0.0
1611072000.0,0.0
1611075600.0,0.0
1611079200.0,0.0
1611082800.0,0.0
1611086400.0,0.0
1611090000.0,0.0
1611093600.0,0.0
1611097200.0,0.0
1611100800.0,0.0
1611104400.0,0.0
1611108000.0,0.0
1611111600.0,0.0
1611115200.0,0.0
1611118800.0,0.0
1611122400.0,0.0
1611126000.0,0.0
1611129600.0,0.0
1611133200.0,0.0
1611136800.0,0.0
1611140400.0,0.0
1611144000.0,0.0
1611147600.0,0.0
1611151200.0,0.0
1611154800.0,0.0
1611158400.0,0.0
1611162000.0,0.0
1611165600.0,0.0
1611169200.0,0.0
1611172800.0,0.0
1611176400.0,0.0
1611180000.0,0.0
1611183600.0,0.0
1611187200.0,0.0
1611190800.0,0.0
1611194400.0,0.0
1611198000.0,0.0
1611201600.0,0.0
1611205200.0,0.0
1611208800.0,0.0
1611212400.0,0.0
1611216000.0,0.0
1611219600.0,0.0
1611223200.0,0.0
1611226800.0,0.0
1611230400.0,0.0
1611234000.0,0.0
1611237600.0,0.0
1611241200.0,0.0
1611244800.0,0.0
1611248400.0,0.0
1611252000.0,0.0
1611255600.0,0.0
1611259200.0,0.0
1611262800.0,0.0
1611266400.0,0.0
1611270000.0,0.0
1611273600.0,0.0
1611277200.0,0.0
1611280800.0,0.0
1611284400.0,0.0
1611288000.0,0.0
1611291600.0,0.0
1611295200.0,0.0
1611298800.0,0.0
1611302400.0,0.0
1611306000.0,0.0
1611309600.0,0.0
1611313200.0,0.0
1611316800.0,0.0
1611320400.0,0.0
1611324000.0,0.0
1611327600.0,0.0
1611331200.0,0.0
1611334800.0,0.0
1611338400.0,0.0
1611342000.0,0.0
1611345600.0,0.0
1611349200.0,0.0
1611352800.0,0.0
1611356400.0,0.0
1611360000.0,0.0
1611363600.0,0.0
1611367200.0,0.0
1611370800.0,0.0
1611374400.0,0.0
1611378000.0,0.0
1611381600.0,0.0
1611385200.0,0.0
1611388800.0,0.0
1611392400.0,0.0
1611396000.0,0.0
1611399600.0,0.0
1611403200.0,0.0
1611406800.0,0.0
1611410400.0,0.0
1611414000.0,0.0
1611417600.0,0.0
1611421200.0,0.0
1611424800.0,0.0
1611428400.0,0.0
1611432000.0,0.0
1611435600.0,0.0
1611439200.0,0.0
1611442800.0,0.0
1611446400.0,0.0
1611450000.0,0.0
1611453600.0,0.0
1611457200.0,0.0
1611460800.0,0.0
1611464400.0,0.0
1611468000.0,0.0
1611471600.0,0.0
1611475200.0,0.0
1611478800.0,0.0
1611482400.0,0.0
1611486000.0,0.0
1611489600.0,0.0
1611493200.0,0.0
1611496800.0,0.0
1611500400.0,0.0
1611504000.0,0.0
1611507600.0,0.0
1611511200.0,0.0
1611514800.0,0.0
1611518400.0,0.0
1611522000.0,0.0
1611525600.0,0.0
1611529200.0,0.0
1611532800.0,0.0
1611536400.0,0.0
1611540000.0,0.0
1611543600.0,0.0
1611547200.0,0.0
1611550800.0,0.0
1611554400.0,0.0
1611558000.0,0.0
1611561600.0,0.0
1611565200.0,0.0
1611568800.0,0.0
1611572400.0,0.0
1611576000.0,0.0
1611579600.0,0.0
1611583200.0,0.0
1611586800.0,0.0
1611590400.0,0.0
1611594000.0,0.0
1611597600.0,0.0
1611601200.0,0.0
1611604800.0,0.0
1611608400.0,0.0
1611612000.0,0.0
1611615600.0,0.0
1611619200.0,0.0
1611622800.0,0.0
1611626400.0,0.0
1611630000.0,0.0
1611633600.0,0.0
1611637200.0,0.0
1611640800.0,0.0
1611644400.0,0.0
1611648000.0,0.0
1611651600.0,0.0
1611655200.0,0.0
1611658800.0,0.0
1611662400.0,0.0
1611666000.0,0.0
1611669600.0,0.0
1611673200.0,0.0
1611676800.0,0.0
1611680400.0,0.0
1611684000.0,0.0
1611687600.0,0.0
1611691200.0,0.0
1611694800.0,0.0
1611698400.0,0.0
1611702000.0,0.0
1611705600.0,0.0
1611709200.0,0.0
1611712800.0,0.0
1611716400.0,0.0
1611720000.0,0.0
1611723600.0,0.0
1611727200.0,0.0
1611730800.0,0.0
1611734400.0,0.0
1611738000.0,0.0
1611741600.0,0.0
1611745200.0,0.0
1611748800.0,0.0
1611752400.0,0.0
1611756000.0,0.0
1611759600.0,0.0
1611763200.0,0.0
1611766800.0,0.0
1611770400.0,0.0
1611774000.0,0.0
1611777600.0,0.0
1611781200.0,0.0
1611784800.0,0.0
1611788400.0,0.0
1611792000.0,0.0
1611795600.0,0.0
1611799200.0,0.0
1611802800.0,0.0
1611806400.0,0.0
1611810000.0,0.0
1611813600.0,0.0
1611817200.0,0.0
1611820800.0,0.0
1611824400.0,0.0
1611828000.0,0.0
1611831600.0,0.0
1611835200.0,0.0
1611838800.0,0.0
1611842400.0,0.0
1611846000.0,0.0
1611849600.0,0.0
1611853200.0,0.0
1611856800.0,0.0
1611860400.0,0.0
1611864000.0,0.0
1611867600.0,0.0
1611871200.0,0.0
1611874800.0,0.0
1611878400.0,0.0
1611882000.0,0.0
1611885600.0,0.0
1611889200.0,0.0
1611892800.0,0.0
1611896400.0,0.0
1611900000.0,0.0
1611903600.0,0.0
1611907200.0,0.0
1611910800.0,0.0
1611914400.0,0.0
1611918000.0,0.0
1611921600.0,0.0
1611925200.0,0.0
1611928800.0,0.0
1611932400.0,0.0
1611936000.0,0.0
1611939600.0,0.0
1611943200.0,0.0
1611946800.0,0.0
1611950400.0,0.0
1611954000.0,0.0
1611957600.0,0.0
1611961200.0,0.0
1611964800.0,0.0
1611968400.0,0.0
1611972000.0,0.0
1611975600.0,0.0
1611979200.0,0.0
1611982800.0,0.0
1611986400.0,0.0
1611990000.0,0.0
1611993600.0,0.0
1611997200.0,0.0
1612000800.0,0.0
1612004400.0,0.0
1612008000.0,0.0
1612011600.0,0.0
1612015200.0,0.0
1612018800.0,0.0
1612022400.0,0.0
1612026000.0,0.0
1612029600.0,0.0
1612033200.0,0.0
1612036800.0,0.0
1612040400.0,0.0
1612044000.0,0.0
1612047600.0,0.0
1612051200.0,0.0
1612054800.0,0.0
1612058400.0,0.0
1612062000.0,0.0
1612065600.0,0.0
1612069200.0,0.0
1612072800.0,0.0
1612076400.0,0.0
1612080000.0,0.0
1612083600.0,0.0
1612087200.0,0.0
1612090800.0,0.0
1612094400.0,0.0
1612098000.0,0.0
1612101600.0,0.0
1612105200.0,0.0
1612108800.0,0.0
1612112400.0,0.0
1612116000.0,0.0
1612119600.0,0.0
1612123200.0,0.0
1612126800.0,0.0
1612130400.0,0.0
1612134000.0,0.0
1612137600.0,0.0
1612141200.0,0.0
1612144800.0,0.0
1612148400.0,0.0
1612152000.0,0.0
1612155600.0,0.0
1612159200.0,0.0
1612162800.0,0.0
1612166400.0,0.0
1612170000.0,0.0
1612173600.0,0.0
1612177200.0,0.0
1612180800.0,0.0
1612184400.0,0.0
1612188000.0,0.0
1612191600.0,0.0
1612195200.0,0.0
1612198800.0,0.0
1612202400.0,0.0
1612206000.0,0.0
1612209600.0,0.0
1612213200.0,0.0
1612216800.0,0.0
1612220400.0,0.0
1612224000.0,0.0
1612227600.0,0.0
1612231200.0,0.0
1612234800.0,0.0
1612238400.0,0.0
1612242000.0,0.0
1612245600.0,0.0
1612249200.0,0.0
1612252800.0,0.0
1612256400.0,0.0
1612260000.0,0.0
1612263600.0,0.0
1612267200.0,0.0
1612270800.0,0.0
1612274400.0,0.0
1612278000.0,0.0
1612281600.0,0.0
1612285200.0,0.0
1612288800.0,0.0
1612292400.0,0.0
1612296000.0,0.0
1612299600.0,0.0
1612303200.0,0.0
1612306800.0,0.0
1612310400.0,0.0
1612314000.0,0.0
1612317600.0,0.0
1612321200.0,0.0
1612324800.0,0.0
1612328400.0,0.0
1612332000.0,0.0
1612335600.0,0.0
1612339200.0,0.0
1612342800.0,0.0
1612346400.0,0.0
1612350000.0,0.0
1612353600.0,0.0
1612357200.0,0.0
1612360800.0,0.0
1612364400.0,0.0
1612368000.0,0.0
1612371600.0,0.0
1612375200.0,0.0
1612378800.0,0.0
1612382400.0,0.0
1612386000.0,0.0
1612389600.0,0.0
1612393200.0,0.0
1612396800.0,0.0
1612400400.0,0.0
1612404000.0,0.0
1612407600.0,0.0
1612411200.0,0.0
1612414800.0,0.0
1612418400.0,0.0
1612422000.0,0.0
1612425600.0,0.0
1612429200.0,0.0
1612432800.0,0.0
1612436400.0,0.0
1612440000.0,0.0
1612443600.0,0.0
1612447200.0,0.0
1612450800.0,0.0
1612454400.0,0.0
1612458000.0,0.0
1612461600.0,0.0
1612465200.0,0.0
1612468800.0,0.0
1612472400.0,0.0
1612476000.0,0.0
1612479600.0,0.0
1612483200.0,0.0
1612486800.0,0.0
1612490400.0,0.0
1612494000.0,0.0
1612497600.0,0.0
1612501200.0,0.0
1612504800.0,0.0
1612508400.0,0.0
1612512000.0,0.0
1612515600.0,0.0
1612519200.0,0.0
1612522800.0,0.0
1612526400.0,0.0
1612530000.0,0.0
1612533600.0,0.0
1612537200.0,0.0
1612540800.0,0.0
1612544400.0,0.0
1612548000.0,0.0
1612551600.0,0.0
1612555200.0,0.0
1612558800.0,0.0
1612562400.0,0.0
1612566000.0,0.0
1612569600.0,0.0
1612573200.0,0.0
1612576800.0,0.0
1612580400.0,0.0
1612584000.0,0.0
1612587600.0,0.0
1612591200.0,0.0
1612594800.0,0.0
1612598400.0,0.0
1612602000.0,0.0
1612605600.0,0.0
1612609200.0,0.0
1612612800.0,0.0
1612616400.0,0.0
1612620000.0,0.0
1612623600.0,0.0
1612627200.0,0.0
1612630800.0,0.0
1612634400.0,0.0
1612638000.0,0.0
1612641600.0,0.0
1612645200.0,0.0
1612648800.0,0.0
1612652400.0,0.0
1612656000.0,0.0
1612659600.0,0.0
1612663200.0,0.0
1612666800.0,0.0
1612670400.0,0.0
1612674000.0,0.0
1612677600.0,0.0
1612681200.0,0.0
1612684800.0,0.0
1612688400.0,0.0
1612692000.0,0.0
1612695600.0,0.0
1612699200.0,0.0
1612702800.0,0.0
1612706400.0,0.0
1612710000.0,0.0
1612713600.0,0.0
1612717200.0,0.0
1612720800.0,0.0
1612724400.0,0.0
1612728000.0,0.0
1612731600.0,0.0
1612735200.0,0.0
1612738800.0,0.0
1612742400.0,0.0
1612746000.0,0.0
1612749600.0,0.0
1612753200.0,0.0
1612756800.0,0.0
1612760400.0,0.0
1612764000.0,0.0
1612767600.0,0.0
1612771200.0,0.0
1612774800.0,0.0
1612778400.0,0.0
1612782000.0,0.0
1612785600.0,0.0
1612789200.0,0.0
1612792800.0,0.0
1612796400.0,0.0
1612800000.0,0.0
1612803600.0,0.0
1612807200.0,0.0
1612810800.0,0.0
1612814400.0,0.0
1612818000.0,0.0
1612821600.0,0.0
1612825200.0,0.0
1612828800.0,0.0
1612832400.0,0.0
1612836000.0,0.0
1612839600.0,0.0
1612843200.0,0.0
1612846800.0,0.0
1612850400.0,0.0
1612854000.0,0.0
1612857600.0,0.0
1612861200.0,0.0
1612864800.0,0.0
1612868400.0,0.0
1612872000.0,0.0
1612875600.0,0.0
1612879200.0,0.0
1612882800.0,0.0
1612886400.0,0.0
1612890000.0,0.0
1612893600.0,0.0
1612897200.0,0.0
1612900800.0,0.0
1612904400.0,0.0
1612908000.0,0.0
1612911600.0,0.0
1612915200.0,0.0
1612918800.0,0.0
1612922400.0,0.0
1612926000.0,0.0
1612929600.0,0.0
1612933200.0,0.0
1612936800.0,0.0
1612940400.0,0.0
1612944000.0,0.0
1612947600.0,0.0
1612951200.0,0.0
1612954800.0,0.0
1612958400.0,0.0
1612962000.0,0.0
1612965600.0,0.0
1612969200.0,0.0
1612972800.0,0.0
1612976400.0,0.0
1612980000.0,0.0
1612983600.0,0.0
1612987200.0,0.0
1612990800.0,0.0
1612994400.0,0.0
1612998000.0,0.0
1613001600.0,0.0
1613005200.0,0.0
1613008800.0,0.0
1613012400.0,0.0
1613016000.0,0.0
1613019600.0,0.0
1613023200.0,0.0
1613026800.0,0.0
1613030400.0,0.0
1613034000.0,0.0
1613037600.0,0.0
1613041200.0,0.0
1613044800.0,0.0
1613048400.0,0.0
1613052000.0,0.0
1613055600.0,0.0
1613059200.0,0.0
1613062800.0,0.0
1613066400.0,0.0
1613070000.0,0.0
1613073600.0,0.0
1613077200.0,0.0
1613080800.0,0.0
1613084400.0,0.0
1613088000.0,0.0
1613091600.0,0.0
1613095200.0,0.0
1613098800.0,0.0
1613102400.0,0.0
1613106000.0,0.0
1613109600.0,0.0
1613113200.0,0.0
1613116800.0,0.0
1613120400.0,0.0
1613124000.0,0.0
1613127600.0,0.0
1613131200.0,0.0
1613134800.0,0.0
1613138400.0,0.0
1613142000.0,0.0
1613145600.0,0.0
1613149200.0,0.0
1613152800.0,0.0
1613156400.0,0.0
1613160000.0,0.0
1613163600.0,0.0
1613167200.0,0.0
1613170800.0,0.0
1613174400.0,0.0
1613178000.0,0.0
1613181600.0,0.0
1613185200.0,0.0
1613188800.0,0.0
1613192400.0,0.0
1613196000.0,0.0
1613199600.0,0.0
1613203200.0,0.0
1613206800.0,0.0
1613210400.0,0.0
1613214000.0,0.0
1613217600.0,0.0
1613221200.0,0.0
1613224800.0,0.0
1613228400.0,0.0
1613232000.0,0.0
1613235600.0,0.0
1613239200.0,0.0
1613242800.0,0.0
1613246400.0,0.0
1613250000.0,0.0
1613253600.0,0.0
1613257200.0,0.0
1613260800.0,0.0
1613264400.0,0.0
1613268000.0,0.0
1613271600.0,0.0
1613275200.0,0.0
1613278800.0,0.0
1613282400.0,0.0
1613286000.0,0.0
1613289600.0,0.0
1613293200.0,0.0
1613296800.0,0.0
1613300400.0,0.0
1613304000.0,0.0
1613307600.0,0.0
1613311200.0,0.0
1613314800.0,0.0
1613318400.0,0.0
1613322000.0,0.0
1613325600.0,0.0
1613329200.0,0.0
1613332800.0,0.0
1613336400.0,0.0
1613340000.0,0.0
1613343600.0,0.0
1613347200.0,0.0
1613350800.0,0.0
1613354400.0,0.0
1613358000.0,0.0
1613361600.0,0.0
1613365200.0,0.0
1613368800.0,0.0
1613372400.0,0.0
1613376000.0,0.0
1613379600.0,0.0
1613383200.0,0.0
1613386800.0,0.0
1613390400.0,0.0
1613394000.0,0.0
1613397600.0,0.0
1613401200.0,0.0
1613404800.0,0.0
1613408400.0,0.0
1613412000.0,0.0
1613415600.0,0.0
1613419200.0,0.0
1613422800.0,0.0
1613426400.0,0.0
1613430000.0,0.0
1613433600.0,0.0
1613437200.0,0.0
1613440800.0,0.0
1613444400.0,0.0
1613448000.0,0.0
1613451600.0,0.0
1613455200.0,0.0
1613458800.0,0.0
1613462400.0,0.0
1613466000.0,0.0
1613469600.0,0.0
1613473200.0,0.0
1613476800.0,0.0
1613480400.0,0.0
1613484000.0,0.0
1613487600.0,0.0
1613491200.0,0.0
1613494800.0,0.0
1613498400.0,0.0
1613502000.0,0.0
1613505600.0,0.0
1613509200.0,0.0
1613512800.0,0.0
1613516400.0,0.0
1613520000.0,0.0
1613523600.0,0.0
1613527200.0,0.0
1613530800.0,0.0
1613534400.0,0.0
1613538000.0,0.0
1613541600.0,0.0
1613545200.0,0.0
1613548800.0,0.0
1613552400.0,0.0
1613556000.0,0.0
1613559600.0,0.0
1613563200.0,0.0
1613566800.0,0.0
1613570400.0,0.0
1613574000.0,0.0
1613577600.0,0.0
1613581200.0,0.0
1613584800.0,0.0
1613588400.0,0.0
1613592000.0,0.0
1613595600.0,0.0
1613599200.0,0.0
1613602800.0,0.0
1613606400.0,0.0
1613610000.0,0.0
1613613600.0,0.0
1613617200.0,0.0
1613620800.0,0.0
1613624400.0,0.0
1613628000.0,0.0
1613631600.0,0.0
1613635200.0,0.0
1613638800.0,0.0
1613642400.0,0.0
1613646000.0,0.0
1613649600.0,0.0
1613653200.0,0.0
1613656800.0,0.0
1613660400.0,0.0
1613664000.0,0.0
1613667600.0,0.0
1613671200.0,0.0
1613674800.0,0.0
1613678400.0,0.0
1613682000.0,0.0
1613685600.0,0.0
1613689200.0,0.0
1613692800.0,0.0
1613696400.0,0.0
1613700000.0,0.0
1613703600.0,0.0
1613707200.0,0.0
1613710800.0,0.0
1613714400.0,0.0
1613718000.0,0.0
1613721600.0,0.0
1613725200.0,0.0
1613728800.0,0.0
1613732400.0,0.0
1613736000.0,0.0
1613739600.0,0.0
1613743200.0,0.0
1613746800.0,0.0
1613750400.0,0.0
1613754000.0,0.0
1613757600.0,0.0
1613761200.0,0.0
1613764800.0,0.0
1613768400.0,0.0
1613772000.0,0.0
1613775600.0,0.0
1613779200.0,0.0
1613782800.0,0.0
1613786400.0,0.0
1613790000.0,0.0
1613793600.0,0.0
1613797200.0,0.0
1613800800.0,0.0
1613804400.0,0.0
1613808000.0,0.0
1613811600.0,0.0
1613815200.0,0.0
1613818800.0,0.0
1613822400.0,0.0
1613826000.0,0.0
1613829600.0,0.0
1613833200.0,0.0
1613836800.0,0.0
1613840400.0,0.0
1613844000.0,0.0
1613847600.0,0.0
1613851200.0,0.0
1613854800.0,0.0
1613858400.0,0.0
1613862000.0,0.0
1613865600.0,0.0
1613869200.0,0.0
1613872800.0,0.0
1613876400.0,0.0
1613880000.0,0.0
1613883600.0,0.0
1613887200.0,0.0
1613890800.0,0.0
1613894400.0,0.0
1613898000.0,0.0
1613901600.0,0.0
1613905200.0,0.0
1613908800.0,0.0
1613912400.0,0.0
1613916000.0,0.0
1613919600.0,0.0
1613923200.0,0.0
1613926800.0,0.0
1613930400.0,0.0
1613934000.0,0.0
1613937600.0,0.0
1613941200.0,0.0
1613944800.0,0.0
1613948400.0,0.0
1613952000.0,0.0
1613955600.0,0.0
1613959200.0,0.0
1613962800.0,0.0
1613966400.0,0.0
1613970000.0,0.0
1613973600.0,0.0
1613977200.0,0.0
1613980800.0,0.0
1613984400.0,0.0
1613988000.0,0.0
1613991600.0,0.0
1613995200.0,0.0
1613998800.0,0.0
1614002400.0,0.0
1614006000.0,0.0
1614009600.0,0.0
1614013200.0,0.0
1614016800.0,0.0
1614020400.0,0.0
1614024000.0,0.0
1614027600.0,0.0
1614031200.0,0.0
1614034800.0,0.0
1614038400.0,0.0
1614042000.0,0.0
1614045600.0,0.0
1614049200.0,0.0
1614052800.0,0.0
1614056400.0,0.0
1614060000.0,0.0
1614063600.0,0.0
1614067200.0,0.0
1614070800.0,0.0
1614074400.0,0.0
1614078000.0,0.0
1614081600.0,0.0
1614085200.0,0.0
1614088800.0,0.0
1614092400.0,0.0
1614096000.0,0.0
1614099600.0,0.0
1614103200.0,0.0
1614106800.0,0.0
1614110400.0,0.0
1614114000.0,0.0
1614117600.0,0.0
1614121200.0,0.0
1614124800.0,0.0
1614128400.0,0.0
1614132000.0,0.0
1614135600.0,0.0
1614139200.0,0.0
1614142800.0,0.0
1614146400.0,0.0
1614150000.0,0.0
1614153600.0,0.0
1614157200.0,0.0
1614160800.0,0.0
1614164400.0,0.0
1614168000.0,0.0
1614171600.0,0.0
1614175200.0,0.0
1614178800.0,0.0
1614182400.0,0.0
1614186000.0,0.0
1614189600.0,0.0
1614193200.0,0.0
1614196800.0,0.0
1614200400.0,0.0
1614204000.0,0.0
1614207600.0,0.0
1614211200.0,0.0
1614214800.0,0.0
1614218400.0,0.0
1614222000.0,0.0
1614225600.0,0.0
1614229200.0,0.0
1614232800.0,0.0
1614236400.0,0.0
1614240000.0,0.0
1614243600.0,0.0
1614247200.0,0.0
1614250800.0,0.0
1614254400.0,0.0
1614258000.0,0.0
1614261600.0,0.0
1614265200.0,0.0
1614268800.0,0.0
1614272400.0,0.0
1614276000.0,0.0
1614279600.0,0.0
1614283200.0,0.0
1614286800.0,0.0
1614290400.0,0.0
1614294000.0,0.0
1614297600.0,0.0
1614301200.0,0.0
1614304800.0,0.0
1614308400.0,0.0
1614312000.0,0.0
1614315600.0,0.0
1614319200.0,0.0
1614322800.0,0.0
1614326400.0,0.0
1614330000.0,0.0
1614333600.0,0.0
1614337200.0,0.0
1614340800.0,0.0
1614344400.0,0.0
1614348000.0,0.0
1614351600.0,0.0
1614355200.0,0.0
1614358800.0,0.0
1614362400.0,0.0
1614366000.0,0.0
1614369600.0,0.0
1614373200.0,0.0
1614376800.0,0.0
1614380400.0,0.0
1614384000.0,0.0
1614387600.0,0.0
1614391200.0,0.0
1614394800.0,0.0
1614398400.0,0.0
1614402000.0,0.0
1614405600.0,0.0
1614409200.0,0.0
1614412800.0,0.0
1614416400.0,0.0
1614420000.0,0.0
1614423600.0,0.0
1614427200.0,0.0
1614430800.0,0.0
1614434400.0,0.0
1614438000.0,0.0
1614441600.0,0.0
1614445200.0,0.0
1614448800.0,0.0
1614452400.0,0.0
1614456000.0,0.0
1614459600.0,0.0
1614463200.0,0.0
1614466800.0,0.0
1614470400.0,0.0
1614474000.0,0.0
1614477600.0,0.0
1614481200.0,0.0
1614484800.0,0.0
1614488400.0,0.0
1614492000.0,0.0
1614495600.0,0.0
1614499200.0,0.0
1614502800.0,0.0
1614506400.0,0.0
1614510000.0,0.0
1614513600.0,0.0
1614517200.0,0.0
1614520800.0,0.0
1614524400.0,0.0
1614528000.0,0.0
1614531600.0,0.0
1614535200.0,0.0
1614538800.0,0.0
1614542400.0,0.0
1614546000.0,0.0
1614549600.0,0.0
1614553200.0,0.0
1614556800.0,0.0
1614560400.0,0.0
1614564000.0,0.0
1614567600.0,0.0
1614571200.0,0.0
1614574800.0,0.0
1614578400.0,0.0
1614582000.0,0.0
1614585600.0,0.0
1614589200.0,0.0
1614592800.0,0.0
1614596400.0,0.0
1614600000.0,0.0
1614603600.0,0.0
1614607200.0,0.0
1614610800.0,0.0
1614614400.0,0.0
1614618000.0,0.0
1614621600.0,0.0
1614625200.0,0.0
1614628800.0,0.0
1614632400.0,0.0
1614636000.0,0.0
1614639600.0,0.0
1614643200.0,0.0
1614646800.0,0.0
1614650400.0,0.0
1614654000.0,0.0
1614657600.0,0.0
1614661200.0,0.0
1614664800.0,0.0
1614668400.0,0.0
1614672000.0,0.0
1614675600.0,0.0
1614679200.0,0.0
1614682800.0,0.0
1614686400.0,0.0
1614690000.0,0.0
1614693600.0,0.0
1614697200.0,0.0
1614700800.0,0.0
1614704400.0,0.0
1614708000.0,0.0
1614711600.0,0.0
1614715200.0,0.0
1614718800.0,0.0
1614722400.0,0.0
1614726000.0,0.0
1614729600.0,0.0
1614733200.0,0.0
1614736800.0,0.0
1614740400.0,0.0
1614744000.0,0.0
1614747600.0,0.0
1614751200.0,0.0
1614754800.0,0.0
1614758400.0,0.0
1614762000.0,0.0
1614765600.0,0.0
1614769200.0,0.0
1614772800.0,0.0
1614776400.0,0.0
1614780000.0,0.0
1614783600.0,0.0
1614787200.0,0.0
1614790800.0,0.0
1614794400.0,0.0
1614798000.0,0.0
1614801600.0,0.0
1614805200.0,0.0
1614808800.0,0.0
1614812400.0,0.0
1614816000.0,0.0
1614819600.0,0.0
1614823200.0,0.0
1614826800.0,0.0
1614830400.0,0.0
1614834000.0,0.0
1614837600.0,0.0
1614841200.0,0.0
1614844800.0,0.0
1614848400.0,0.0
1614852000.0,0.0
1614855600.0,0.0
1614859200.0,0.0
1614862800.0,0.0
1614866400.0,0.0
1614870000.0,0.0
1614873600.0,0.0
1614877200.0,0.0
1614880800.0,0.0
1614884400.0,0.0
1614888000.0,0.0
1614891600.0,0.0
1614895200.0,0.0
1614898800.0,0.0
1614902400.0,0.0
1614906000.0,0.0
1614909600.0,0.0
1614913200.0,0.0
1614916800.0,0.0
1614920400.0,0.0
1614924000.0,0.0
1614927600.0,0.0
1614931200.0,0.0
1614934800.0,0.0
1614938400.0,0.0
1614942000.0,0.0
1614945600.0,0.0
1614949200.0,0.0
1614952800.0,0.0
1614956400.0,0.0
1614960000.0,0.0
1614963600.0,0.0
1614967200.0,0.0
1614970800.0,0.0
1614974400.0,0.0
1614978000.0,0.0
1614981600.0,0.0
1614985200.0,0.0
1614988800.0,0.0
1614992400.0,0.0
1614996000.0,0.0
1614999600.0,0.0
1615003200.0,0.0
1615006800.0,0.0
1615010400.0,0.0
1615014000.0,0.0
1615017600.0,0.0
1615021200.0,0.0
1615024800.0,0.0
1615028400.0,0.0
1615032000.0,0.0
1615035600.0,0.0
1615039200.0,0.0
1615042800.0,0.0
1615046400.0,0.0
1615050000.0,0.0
1615053600.0,0.0
1615057200.0,0.0
1615060800.0,0.0
1615064400.0,0.0
1615068000.0,0.0
1615071600.0,0.0
1615075200.0,0.0
1615078800.0,0.0
1615082400.0,0.0
1615086000.0,0.0
1615089600.0,0.0
1615093200.0,0.0
1615096800.0,0.0
1615100400.0,0.0
1615104000.0,0.0
1615107600.0,0.0
1615111200.0,0.0
1615114800.0,0.0
1615118400.0,0.0
1615122000.0,0.0
1615125600.0,0.0
1615129200.0,0.0
1615132800.0,0.0
1615136400.0,0.0
1615140000.0,0.0
1615143600.0,0.0
1615147200.0,0.0
1615150800.0,0.0
1615154400.0,0.0
1615158000.0,0.0
1615161600.0,0.0
1615165200.0,0.0
1615168800.0,0.0
1615172400.0,0.0
1615176000.0,0.0
1615179600.0,0.0
1615183200.0,0.0
1615186800.0,0.0
1615190400.0,0.0
1615194000.0,0.0
1615197600.0,0.0
1615201200.0,0.0
1615204800.0,0.0
1615208400.0,0.0
1615212000.0,0.0
1615215600.0,0.0
1615219200.0,0.0
1615222800.0,0.0
1615226400.0,0.0
1615230000.0,0.0
1615233600.0,0.0
1615237200.0,0.0
1615240800.0,0.0
1615244400.0,0.0
1615248000.0,0.0
1615251600.0,0.0
1615255200.0,0.0
1615258800.0,0.0
1615262400.0,0.0
1615266000.0,0.0
1615269600.0,0.0
1615273200.0,0.0
1615276800.0,0.0
1615280400.0,0.0
1615284000.0,0.0
1615287600.0,0.0
1615291200.0,0.0
1615294800.0,0.0
1615298400.0,0.0
1615302000.0,0.0
1615305600.0,0.0
1615309200.0,0.0
1615312800.0,0.0
1615316400.0,0.0
1615320000.0,0.0
1615323600.0,0.0
1615327200.0,0.0
1615330800.0,0.0
1615334400.0,0.0
1615338000.0,0.0
1615341600.0,0.0
1615345200.0,0.0
1615348800.0,0.0
1615352400.0,0.0
1615356000.0,0.0
1615359600.0,0.0
1615363200.0,0.0
1615366800.0,0.0
1615370400.0,0.0
1615374000.0,0.0
1615377600.0,0.0
1615381200.0,0.0
1615384800.0,0.0
1615388400.0,0.0
1615392000.0,0.0
1615395600.0,0.0
1615399200.0,0.0
1615402800.0,0.0
1615406400.0,0.0
1615410000.0,0.0
1615413600.0,0.0
1615417200.0,0.0
1615420800.0,0.0
1615424400.0,0.0
1615428000.0,0.0
1615431600.0,0.0
1615435200.0,0.0
1615438800.0,0.0
1615442400.0,0.0
1615446000.0,0.0
1615449600.0,0.0
1615453200.0,0.0
1615456800.0,0.0
1615460400.0,0.0
1615464000.0,0.0
1615467600.0,0.0
1615471200.0,0.0
1615474800.0,0.0
1615478400.0,0.0
1615482000.0,0.0
1615485600.0,0.0
1615489200.0,0.0
1615492800.0,0.0
1615496400.0,0.0
1615500000.0,0.0
1615503600.0,0.0
1615507200.0,0.0
1615510800.0,0.0
1615514400.0,0.0
1615518000.0,0.0
1615521600.0,0.0
1615525200.0,0.0
1615528800.0,0.0
1615532400.0,0.0
1615536000.0,0.0
1615539600.0,0.0
1615543200.0,0.0
1615546800.0,0.0
1615550400.0,0.0
1615554000.0,0.0
1615557600.0,0.0
1615561200.0,0.0
1615564800.0,0.0
1615568400.0,0.0
1615572000.0,0.0
1615575600.0,0.0
1615579200.0,0.0
1615582800.0,0.0
1615586400.0,0.0
1615590000.0,0.0
1615593600.0,0.0
1615597200.0,0.0
1615600800.0,0.0
1615604400.0,0.0
1615608000.0,0.0
1615611600.0,0.0
1615615200.0,0.0
1615618800.0,0.0
1615622400.0,0.0
1615626000.0,0.0
1615629600.0,0.0
1615633200.0,0.0
1615636800.0,0.0
1615640400.0,0.0
1615644000.0,0.0
1615647600.0,0.0
1615651200.0,0.0
1615654800.0,0.0
1615658400.0,0.0
1615662000.0,0.0
1615665600.0,0.0
1615669200.0,0.0
1615672800.0,0.0
1615676400.0,0.0
1615680000.0,0.0
1615683600.0,0.0
1615687200.0,0.0
1615690800.0,0.0
1615694400.0,0.0
1615698000.0,0.0
1615701600.0,0.0
1615705200.0,0.0
1615708800.0,0.0
1615712400.0,0.0
1615716000.0,0.0
1615719600.0,0.0
1615723200.0,0.0
1615726800.0,0.0
1615730400.0,0.0
1615734000.0,0.0
1615737600.0,0.0
1615741200.0,0.0
1615744800.0,0.0
1615748400.0,0.0
1615752000.0,0.0
1615755600.0,0.0
1615759200.0,0.0
1615762800.0,0.0
1615766400.0,0.0
1615770000.0,0.0
1615773600.0,0.0
1615777200.0,0.0
1615780800.0,0.0
1615784400.0,0.0
1615788000.0,0.0
1615791600.0,0.0
1615795200.0,0.0
1615798800.0,0.0
1615802400.0,0.0
1615806000.0,0.0
1615809600.0,0.0
1615813200.0,0.0
1615816800.0,0.0
1615820400.0,0.0
1615824000.0,0.0
1615827600.0,0.0
1615831200.0,0.0
1615834800.0,0.0
1615838400.0,0.0
1615842000.0,0.0
1615845600.0,0.0
1615849200.0,0.0
1615852800.0,0.0
1615856400.0,0.0
1615860000.0,0.0
1615863600.0,0.0
1615867200.0,0.0
1615870800.0,0.0
1615874400.0,0.0
1615878000.0,0.0
1615881600.0,0.0
1615885200.0,0.0
1615888800.0,0.0
1615892400.0,0.0
1615896000.0,0.0
1615899600.0,0.0
1615903200.0,0.0
1615906800.0,0.0
1615910400.0,0.0
1615914000.0,0.0
1615917600.0,0.0
1615921200.0,0.0
1615924800.0,0.0
1615928400.0,0.0
1615932000.0,0.0
1615935600.0,0.0
1615939200.0,0.0
1615942800.0,0.0
1615946400.0,0.0
1615950000.0,0.0
1615953600.0,0.0
1615957200.0,0.0
1615960800.0,0.0
1615964400.0,0.0
1615968000.0,0.0
1615971600.0,0.0
1615975200.0,0.0
1615978800.0,0.0
1615982400.0,0.0
1615986000.0,0.0
1615989600.0,0.0
1615993200.0,0.0
1615996800.0,0.0
1616000400.0,0.0
1616004000.0,0.0
1616007600.0,0.0
1616011200.0,0.0
1616014800.0,0.0
1616018400.0,0.0
1616022000.0,0.0
1616025600.0,0.0
1616029200.0,0.0
1616032800.0,0.0
1616036400.0,0.0
1616040000.0,0.0
1616043600.0,0.0
1616047200.0,0.0
1616050800.0,0.0
1616054400.0,0.0
1616058000.0,0.0
1616061600.0,0.0
1616065200.0,0.0
1616068800.0,0.0
1616072400.0,0.0
1616076000.0,0.0
1616079600.0,0.0
1616083200.0,0.0
1616086800.0,0.0
1616090400.0,0.0
1616094000.0,0.0
1616097600.0,0.0
1616101200.0,0.0
1616104800.0,0.0
1616108400.0,0.0
1616112000.0,0.0
1616115600.0,0.0
1616119200.0,0.0
1616122800.0,0.0
1616126400.0,0.0
1616130000.0,0.0
1616133600.0,0.0
1616137200.0,0.0
1616140800.0,0.0
1616144400.0,0.0
1616148000.0,0.0
1616151600.0,0.0
1616155200.0,0.0
1616158800.0,0.0
1616162400.0,0.0
1616166000.0,0.0
1616169600.0,0.0
1616173200.0,0.0
1616176800.0,0.0
1616180400.0,0.0
1616184000.0,0.0
1616187600.0,0.0
1616191200.0,0.0
1616194800.0,0.0
1616198400.0,0.0
1616202000.0,0.0
1616205600.0,0.0
1616209200.0,0.0
1616212800.0,0.0
1616216400.0,0.0
1616220000.0,0.0
1616223600.0,0.0
1616227200.0,0.0
1616230800.0,0.0
1616234400.0,0.0
1616238000.0,0.0
1616241600.0,0.0
1616245200.0,0.0
1616248800.0,0.0
1616252400.0,0.0
1616256000.0,0.0
1616259600.0,0.0
1616263200.0,0.0
1616266800.0,0.0
1616270400.0,0.0
1616274000.0,0.0
1616277600.0,0.0
1616281200.0,0.0
1616284800.0,0.0
1616288400.0,0.0
1616292000.0,0.0
1616295600.0,0.0
1616299200.0,0.0
1616302800.0,0.0
1616306400.0,0.0
1616310000.0,0.0
1616313600.0,0.0
1616317200.0,0.0
1616320800.0,0.0
1616324400.0,0.0
1616328000.0,0.0
1616331600.0,0.0
1616335200.0,0.0
1616338800.0,0.0
1616342400.0,0.0
1616346000.0,0.0
1616349600.0,0.0
1616353200.0,0.0
1616356800.0,0.0
1616360400.0,0.0
1616364000.0,0.0
1616367600.0,0.0
1616371200.0,0.0
1616374800.0,0.0
1616378400.0,0.0
1616382000.0,0.0
1616385600.0,0.0
1616389200.0,0.0
1616392800.0,0.0
1616396400.0,0.0
1616400000.0,0.0
1616403600.0,0.0
1616407200.0,0.0
1616410800.0,0.0
1616414400.0,0.0
1616418000.0,0.0
1616421600.0,0.0
1616425200.0,0.0
1616428800.0,0.0
1616432400.0,0.0
1616436000.0,0.0
1616439600.0,0.0
1616443200.0,0.0
1616446800.0,0.0
1616450400.0,0.0
1616454000.0,0.0
1616457600.0,0.0
1616461200.0,0.0
1616464800.0,0.0
1616468400.0,0.0
1616472000.0,0.0
1616475600.0,0.0
1616479200.0,0.0
1616482800.0,0.0
1616486400.0,0.0
1616490000.0,0.0
1616493600.0,0.0
1616497200.0,0.0
1616500800.0,0.0
1616504400.0,0.0
1616508000.0,0.0
1616511600.0,0.0
1616515200.0,0.0
1616518800.0,0.0
1616522400.0,0.0
1616526000.0,0.0
1616529600.0,0.0
1616533200.0,0.0
1616536800.0,0.0
1616540400.0,0.0
1616544000.0,0.0
1616547600.0,0.0
1616551200.0,0.0
1616554800.0,0.0
1616558400.0,0.0
1616562000.0,0.0
1616565600.0,0.0
1616569200.0,0.0
1616572800.0,0.0
1616576400.0,0.0
1616580000.0,0.0
1616583600.0,0.0
1616587200.0,0.0
1616590800.0,0.0
1616594400.0,0.0
1616598000.0,0.0
1616601600.0,0.0
1616605200.0,0.0
1616608800.0,0.0
1616612400.0,0.0
1616616000.0,0.0
1616619600.0,0.0
1616623200.0,0.0
1616626800.0,0.0
1616630400.0,0.0
1616634000.0,0.0
1616637600.0,0.0
1616641200.0,0.0
1616644800.0,0.0
1616648400.0,0.0
1616652000.0,0.0
1616655600.0,0.0
1616659200.0,0.0
1616662800.0,0.0
1616666400.0,0.0
1616670000.0,0.0
1616673600.0,0.0
1616677200.0,0.0
1616680800.0,0.0
1616684400.0,0.0
1616688000.0,0.0
1616691600.0,0.0
1616695200.0,0.0
1616698800.0,0.0
1616702400.0,0.0
1616706000.0,0.0
1616709600.0,0.0
1616713200.0,0.0
1616716800.0,0.0
1616720400.0,0.0
1616724000.0,0.0
1616727600.0,0.0
1616731200.0,0.0
1616734800.0,0.0
1616738400.0,0.0
1616742000.0,0.0
1616745600.0,0.0
1616749200.0,0.0
1616752800.0,0.0
1616756400.0,0.0
1616760000.0,0.0
1616763600.0,0.0
1616767200.0,0.0
1616770800.0,0.0
1616774400.0,0.0
1616778000.0,0.0
1616781600.0,0.0
1616785200.0,0.0
1616788800.0,0.0
1616792400.0,0.0
1616796000.0,0.0
1616799600.0,0.0
1616803200.0,0.0
1616806800.0,0.0
1616810400.0,0.0
1616814000.0,0.0
1616817600.0,0.0
1616821200.0,0.0
1616824800.0,0.0
1616828400.0,0.0
1616832000.0,0.0
1616835600.0,0.0
1616839200.0,0.0
1616842800.0,0.0
1616846400.0,0.0
1616850000.0,0.0
1616853600.0,0.0
1616857200.0,0.0
1616860800.0,0.0
1616864400.0,0.0
1616868000.0,0.0
1616871600.0,0.0
1616875200.0,0.0
1616878800.0,0.0
1616882400.0,0.0
1616886000.0,0.0
1616889600.0,0.0
1616893200.0,0.0
1616896800.0,0.0
1616900400.0,0.0
1616904000.0,0.0
1616907600.0,0.0
1616911200.0,0.0
1616914800.0,0.0
1616918400.0,0.0
1616922000.0,0.0
1616925600.0,0.0
1616929200.0,0.0
1616932800.0,0.0
1616936400.0,0.0
1616940000.0,0.0
1616943600.0,0.0
1616947200.0,0.0
1616950800.0,0.0
1616954400.0,0.0
1616958000.0,0.0
1616961600.0,0.0
1616965200.0,0.0
1616968800.0,0.0
1616972400.0,0.0
1616976000.0,0.0
1616979600.0,0.0
1616983200.0,0.0
1616986800.0,0.0
1616990400.0,0.0
1616994000.0,0.0
1616997600.0,0.0
1617001200.0,0.0
1617004800.0,0.0
1617008400.0,0.0
1617012000.0,0.0
1617015600.0,0.0
1617019200.0,0.0
1617022800.0,0.0
1617026400.0,0.0
1617030000.0,0.0
1617033600.0,0.0
1617037200.0,0.0
1617040800.0,0.0
1617044400.0,0.0
1617048000.0,0.0
1617051600.0,0.0
1617055200.0,0.0
1617058800.0,0.0
1617062400.0,0.0
1617066000.0,0.0
1617069600.0,0.0
1617073200.0,0.0
1617076800.0,0.0
1617080400.0,0.0
1617084000.0,0.0
1617087600.0,0.0
1617091200.0,0.0
1617094800.0,0.0
1617098400.0,0.0
1617102000.0,0.0
1617105600.0,0.0
1617109200.0,0.0
1617112800.0,0.0
1617116400.0,0.0
1617120000.0,0.0
1617123600.0,0.0
1617127200.0,0.0
1617130800.0,0.0
1617134400.0,0.0
1617138000.0,0.0
1617141600.0,0.0
1617145200.0,0.0
1617148800.0,0.0
1617152400.0,0.0
1617156000.0,0.0
1617159600.0,0.0
1617163200.0,0.0
1617166800.0,0.0
1617170400.0,0.0
1617174000.0,0.0
1617177600.0,0.0
1617181200.0,0.0
1617184800.0,0.0
1617188400.0,0.0
1617192000.0,0.0
1617195600.0,0.0
1617199200.0,0.0
1617202800.0,0.0
1617206400.0,0.0
1617210000.0,0.0
1617213600.0,0.0
1617217200.0,0.0
1617220800.0,0.0
1617224400.0,0.0
1617228000.0,0.0
1617231600.0,0.0
1617235200.0,0.0
1617238800.0,0.0
1617242400.0,0.0
1617246000.0,0.0
1617249600.0,0.0
1617253200.0,0.0
1617256800.0,0.0
1617260400.0,0.0
1617264000.0,0.0
1617267600.0,0.0
1617271200.0,0.0
1617274800.0,0.0
1617278400.0,0.0
1617282000.0,0.0
1617285600.0,0.0
1617289200.0,0.0
1617292800.0,0.0
1617296400.0,0.0
1617300000.0,0.0
1617303600.0,0.0
1617307200.0,0.0
1617310800.0,0.0
1617314400.0,0.0
1617318000.0,0.0
1617321600.0,0.0
1617325200.0,0.0
1617328800.0,0.0
1617332400.0,0.0
1617336000.0,0.0
1617339600.0,0.0
1617343200.0,0.0
1617346800.0,0.0
1617350400.0,0.0
1617354000.0,0.0
1617357600.0,0.0
1617361200.0,0.0
1617364800.0,0.0
1617368400.0,0.0
1617372000.0,0.0
1617375600.0,0.0
1617379200.0,0.0
1617382800.0,0.0
1617386400.0,0.0
1617390000.0,0.0
1617393600.0,0.0
1617397200.0,0.0
1617400800.0,0.0
1617404400.0,0.0
1617408000.0,0.0
1617411600.0,0.0
1617415200.0,0.0
1617418800.0,0.0
1617422400.0,0.0
1617426000.0,0.0
1617429600.0,0.0
1617433200.0,0.0
1617436800.0,0.0
1617440400.0,0.0
1617444000.0,0.0
1617447600.0,0.0
1617451200.0,0.0
1617454800.0,0.0
1617458400.0,0.0
1617462000.0,0.0
1617465600.0,0.0
1617469200.0,0.0
1617472800.0,0.0
1617476400.0,0.0
1617480000.0,0.0
1617483600.0,0.0
1617487200.0,0.0
1617490800.0,0.0
1617494400.0,0.0
1617498000.0,0.0
1617501600.0,0.0
1617505200.0,0.0
1617508800.0,0.0
1617512400.0,0.0
1617516000.0,0.0
1617519600.0,0.0
1617523200.0,0.0
1617526800.0,0.0
1617530400.0,0.0
1617534000.0,0.0
1617537600.0,0.0
1617541200.0,0.0
1617544800.0,0.0
1617548400.0,0.0
1617552000.0,0.0
1617555600.0,0.0
1617559200.0,0.0
1617562800.0,0.0
1617566400.0,0.0
1617570000.0,0.0
1617573600.0,0.0
1617577200.0,0.0
1617580800.0,0.0
1617584400.0,0.0
1617588000.0,0.0
1617591600.0,0.0
1617595200.0,0.0
1617598800.0,0.0
1617602400.0,0.0
1617606000.0,0.0
1617609600.0,0.0
1617613200.0,0.0
1617616800.0,0.0
1617620400.0,0.0
1617624000.0,0.0
1617627600.0,0.0
1617631200.0,0.0
1617634800.0,0.0
1617638400.0,0.0
1617642000.0,0.0
1617645600.0,0.0
1617649200.0,0.0
1617652800.0,0.0
1617656400.0,0.0
1617660000.0,0.0
1617663600.0,0.0
1617667200.0,0.0
1617670800.0,0.0
1617674400.0,0.0
1617678000.0,0.0
1617681600.0,0.0
1617685200.0,0.0
1617688800.0,0.0
1617692400.0,0.0
1617696000.0,0.0
1617699600.0,0.0
1617703200.0,0.0
1617706800.0,0.0
1617710400.0,0.0
1617714000.0,0.0
1617717600.0,0.0
1617721200.0,0.0
1617724800.0,0.0
1617728400.0,0.0
1617732000.0,0.0
1617735600.0,0.0
1617739200.0,0.0
1617742800.0,0.0
1617746400.0,0.0
1617750000.0,0.0
1617753600.0,0.0
1617757200.0,0.0
1617760800.0,0.0
1617764400.0,0.0
1617768000.0,0.0
1617771600.0,0.0
1617775200.0,0.0
1617778800.0,0.0
1617782400.0,0.0
1617786000.0,0.0
1617789600.0,0.0
1617793200.0,0.0
1617796800.0,0.0
1617800400.0,0.0
1617804000.0,0.0
1617807600.0,0.0
1617811200.0,0.0
1617814800.0,0.0
1617818400.0,0.0
1617822000.0,0.0
1617825600.0,0.0
1617829200.0,0.0
1617832800.0,0.0
1617836400.0,0.0
1617840000.0,0.0
1617843600.0,0.0
1617847200.0,0.0
1617850800.0,0.0
1617854400.0,0.0
1617858000.0,0.0
1617861600.0,0.0
1617865200.0,0.0
1617868800.0,0.0
1617872400.0,0.0
1617876000.0,0.0
1617879600.0,0.0
1617883200.0,0.0
1617886800.0,0.0
1617890400.0,0.0
1617894000.0,0.0
1617897600.0,0.0
1617901200.0,0.0
1617904800.0,0.0
1617908400.0,0.0
1617912000.0,0.0
1617915600.0,0.0
1617919200.0,0.0
1617922800.0,0.0
1617926400.0,0.0
1617930000.0,0.0
1617933600.0,0.0
1617937200.0,0.0
1617940800.0,0.0
1617944400.0,0.0
1617948000.0,0.0
1617951600.0,0.0
1617955200.0,0.0
1617958800.0,0.0
1617962400.0,0.0
1617966000.0,0.0
1617969600.0,0.0
1617973200.0,0.0
1617976800.0,0.0
1617980400.0,0.0
1617984000.0,0.0
1617987600.0,0.0
1617991200.0,0.0
1617994800.0,0.0
1617998400.0,0.0
1618002000.0,0.0
1618005600.0,0.0
1618009200.0,0.0
1618012800.0,0.0
1618016400.0,0.0
1618020000.0,0.0
1618023600.0,0.0
1618027200.0,0.0
1618030800.0,0.0
1618034400.0,0.0
1618038000.0,0.0
1618041600.0,0.0
1618045200.0,0.0
1618048800.0,0.0
1618052400.0,0.0
1618056000.0,0.0
1618059600.0,0.0
1618063200.0,0.0
1618066800.0,0.0
1618070400.0,0.0
1618074000.0,0.0
1618077600.0,0.0
1618081200.0,0.0
1618084800.0,0.0
1618088400.0,0.0
1618092000.0,0.0
1618095600.0,0.0
1618099200.0,0.0
1618102800.0,0.0
1618106400.0,0.0
1618110000.0,0.0
1618113600.0,0.0
1618117200.0,0.0
1618120800.0,0.0
1618124400.0,0.0
1618128000.0,0.0
1618131600.0,0.0
1618135200.0,0.0
1618138800.0,0.0
1618142400.0,0.0
1618146000.0,0.0
1618149600.0,0.0
1618153200.0,0.0
1618156800.0,0.0
1618160400.0,0.0
1618164000.0,0.0
1618167600.0,0.0
1618171200.0,0.0
1618174800.0,0.0
1618178400.0,0.0
1618182000.0,0.0
1618185600.0,0.0
1618189200.0,0.0
1618192800.0,0.0
1618196400.0,0.0
1618200000.0,0.0
1618203600.0,0.0
1618207200.0,0.0
1618210800.0,0.0
1618214400.0,0.0
1618218000.0,0.0
1618221600.0,0.0
1618225200.0,0.0
1618228800.0,0.0
1618232400.0,0.0
1618236000.0,0.0
1618239600.0,0.0
1618243200.0,0.0
1618246800.0,0.0
1618250400.0,0.0
1618254000.0,0.0
1618257600.0,0.0
1618261200.0,0.0
1618264800.0,0.0
1618268400.0,0.0
1618272000.0,0.0
1618275600.0,0.0
1618279200.0,0.0
1618282800.0,0.0
1618286400.0,0.0
1618290000.0,0.0
1618293600.0,0.0
1618297200.0,0.0
1618300800.0,0.0
1618304400.0,0.0
1618308000.0,0.0
1618311600.0,0.0
1618315200.0,0.0
1618318800.0,0.0
1618322400.0,0.0
1618326000.0,0.0
1618329600.0,0.0
1618333200.0,0.0
1618336800.0,0.0
1618340400.0,0.0
1618344000.0,0.0
1618347600.0,0.0
1618351200.0,0.0
1618354800.0,0.0
1618358400.0,0.0
1618362000.0,0.0
1618365600.0,0.0
1618369200.0,0.0
1618372800.0,0.0
1618376400.0,0.0
1618380000.0,0.0
1618383600.0,0.0
1618387200.0,0.0
1618390800.0,0.0
1618394400.0,0.0
1618398000.0,0.0
1618401600.0,0.0
1618405200.0,0.0
1618408800.0,0.0
1618412400.0,0.0
1618416000.0,0.0
1618419600.0,0.0
1618423200.0,0.0
1618426800.0,0.0
1618430400.0,0.0
1618434000.0,0.0
1618437600.0,0.0
1618441200.0,0.0
1618444800.0,0.0
1618448400.0,0.0
1618452000.0,0.0
1618455600.0,0.0
1618459200.0,0.0
1618462800.0,0.0
1618466400.0,0.0
1618470000.0,0.0
1618473600.0,0.0
1618477200.0,0.0
1618480800.0,0.0
1618484400.0,0.0
1618488000.0,0.0
1618491600.0,0.0
1618495200.0,0.0
1618498800.0,0.0
1618502400.0,0.0
1618506000.0,0.0
1618509600.0,0.0
1618513200.0,0.0
1618516800.0,0.0
1618520400.0,0.0
1618524000.0,0.0
1618527600.0,0.0
1618531200.0,0.0
1618534800.0,0.0
1618538400.0,0.0
1618542000.0,0.0
1618545600.0,0.0
1618549200.0,0.0
1618552800.0,0.0
1618556400.0,0.0
1618560000.0,0.0
1618563600.0,0.0
1618567200.0,0.0
1618570800.0,0.0
1618574400.0,0.0
1618578000.0,0.0
1618581600.0,0.0
1618585200.0,0.0
1618588800.0,0.0
1618592400.0,0.0
1618596000.0,0.0
1618599600.0,0.0
1618603200.0,0.0
1618606800.0,0.0
1618610400.0,0.0
1618614000.0,0.0
1618617600.0,0.0
1618621200.0,0.0
1618624800.0,0.0
1618628400.0,0.0
1618632000.0,0.0
1618635600.0,0.0
1618639200.0,0.0
1618642800.0,0.0
1618646400.0,0.0
1618650000.0,0.0
1618653600.0,0.0
1618657200.0,0.0
1618660800.0,0.0
1618664400.0,0.0
1618668000.0,0.0
1618671600.0,0.0
1618675200.0,0.0
1618678800.0,0.0
1618682400.0,0.0
1618686000.0,0.0
1618689600.0,0.0
1618693200.0,0.0
1618696800.0,0.0
1618700400.0,0.0
1618704000.0,0.0
1618707600.0,0.0
1618711200.0,0.0
1618714800.0,0.0
1618718400.0,0.0
1618722000.0,0.0
1618725600.0,0.0
1618729200.0,0.0
1618732800.0,0.0
1618736400.0,0.0
1618740000.0,0.0
1618743600.0,0.0
1618747200.0,0.0
1618750800.0,0.0
1618754400.0,0.0
1618758000.0,0.0
1618761600.0,0.0
1618765200.0,0.0
1618768800.0,0.0
1618772400.0,0.0
1618776000.0,0.0
1618779600.0,0.0
1618783200.0,0.0
1618786800.0,0.0
1618790400.0,0.0
1618794000.0,0.0
1618797600.0,0.0
1618801200.0,0.0
1618804800.0,0.0
1618808400.0,0.0
1618812000.0,0.0
1618815600.0,0.0
1618819200.0,0.0
1618822800.0,0.0
1618826400.0,0.0
1618830000.0,0.0
1618833600.0,0.0
1618837200.0,0.0
1618840800.0,0.0
1618844400.0,0.0
1618848000.0,0.0
1618851600.0,0.0
1618855200.0,0.0
1618858800.0,0.0
1618862400.0,0.0
1618866000.0,0.0
1618869600.0,0.0
1618873200.0,0.0
1618876800.0,0.0
1618880400.0,0.0
1618884000.0,0.0
1618887600.0,0.0
1618891200.0,0.0
1618894800.0,0.0
1618898400.0,0.0
1618902000.0,0.0
1618905600.0,0.0
1618909200.0,0.0
1618912800.0,0.0
1618916400.0,0.0
1618920000.0,0.0
1618923600.0,0.0
1618927200.0,0.0
1618930800.0,0.0
1618934400.0,0.0
1618938000.0,0.0
1618941600.0,0.0
1618945200.0,0.0
1618948800.0,0.0
1618952400.0,0.0
1618956000.0,0.0
1618959600.0,0.0
1618963200.0,0.0
1618966800.0,0.0
1618970400.0,0.0
1618974000.0,0.0
1618977600.0,0.0
1618981200.0,0.0
1618984800.0,0.0
1618988400.0,0.0
1618992000.0,0.0
1618995600.0,0.0
1618999200.0,0.0
1619002800.0,0.0
1619006400.0,0.0
1619010000.0,0.0
1619013600.0,0.0
1619017200.0,0.0
1619020800.0,0.0
1619024400.0,0.0
1619028000.0,0.0
1619031600.0,0.0
1619035200.0,0.0
1619038800.0,0.0
1619042400.0,0.0
1619046000.0,0.0
1619049600.0,0.0
1619053200.0,0.0
1619056800.0,0.0
1619060400.0,0.0
1619064000.0,0.0
1619067600.0,0.0
1619071200.0,0.0
1619074800.0,0.0
1619078400.0,0.0
1619082000.0,0.0
1619085600.0,0.0
1619089200.0,0.0
1619092800.0,0.0
1619096400.0,0.0
1619100000.0,0.0
1619103600.0,0.0
1619107200.0,0.0
1619110800.0,0.0
1619114400.0,0.0
1619118000.0,0.0
1619121600.0,0.0
1619125200.0,0.0
1619128800.0,0.0
1619132400.0,0.0
1619136000.0,0.0
1619139600.0,0.0
1619143200.0,0.0
1619146800.0,0.0
1619150400.0,0.0
1619154000.0,0.0
1619157600.0,0.0
1619161200.0,0.0
1619164800.0,0.0
1619168400.0,0.0
1619172000.0,0.0
1619175600.0,0.0
1619179200.0,0.0
1619182800.0,0.0
1619186400.0,0.0
1619190000.0,0.0
1619193600.0,0.0
1619197200.0,0.0
1619200800.0,0.0
1619204400.0,0.0
1619208000.0,0.0
1619211600.0,0.0
1619215200.0,0.0
1619218800.0,0.0
1619222400.0,0.0
1619226000.0,0.0
1619229600.0,0.0
1619233200.0,0.0
1619236800.0,0.0
1619240400.0,0.0
1619244000.0,0.0
1619247600.0,0.0
1619251200.0,0.0
1619254800.0,0.0
1619258400.0,0.0
1619262000.0,0.0
1619265600.0,0.0
1619269200.0,0.0
1619272800.0,0.0
1619276400.0,0.0
1619280000.0,0.0
1619283600.0,0.0
1619287200.0,0.0
1619290800.0,0.0
1619294400.0,0.0
1619298000.0,0.0
1619301600.0,0.0
1619305200.0,0.0
1619308800.0,0.0
1619312400.0,0.0
1619316000.0,0.0
1619319600.0,0.0
1619323200.0,0.0
1619326800.0,0.0
1619330400.0,0.0
1619334000.0,0.0
1619337600.0,0.0
1619341200.0,0.0
1619344800.0,0.0
1619348400.0,0.0
1619352000.0,0.0
1619355600.0,0.0
1619359200.0,0.0
1619362800.0,0.0
1619366400.0,0.0
1619370000.0,0.0
1619373600.0,0.0
1619377200.0,0.0
1619380800.0,0.0
1619384400.0,0.0
1619388000.0,0.0
1619391600.0,0.0
1619395200.0,0.0
1619398800.0,0.0
1619402400.0,0.0
1619406000.0,0.0
1619409600.0,0.0
1619413200.0,0.0
1619416800.0,0.0
1619420400.0,0.0
1619424000.0,0.0
1619427600.0,0.0
1619431200.0,0.0
1619434800.0,0.0
1619438400.0,0.0
1619442000.0,0.0
1619445600.0,0.0
1619449200.0,0.0
1619452800.0,0.0
1619456400.0,0.0
1619460000.0,0.0
1619463600.0,0.0
1619467200.0,0.0
1619470800.0,0.0
1619474400.0,0.0
1619478000.0,0.0
1619481600.0,0.0
1619485200.0,0.0
1619488800.0,0.0
1619492400.0,0.0
1619496000.0,0.0
1619499600.0,0.0
1619503200.0,0.0
1619506800.0,0.0
1619510400.0,0.0
1619514000.0,0.0
1619517600.0,0.0
1619521200.0,0.0
1619524800.0,0.0
1619528400.0,0.0
1619532000.0,0.0
1619535600.0,0.0
1619539200.0,0.0
1619542800.0,0.0
1619546400.0,0.0
1619550000.0,0.0
1619553600.0,0.0
1619557200.0,0.0
1619560800.0,0.0
1619564400.0,0.0
1619568000.0,0.0
1619571600.0,0.0
1619575200.0,0.0
1619578800.0,0.0
1619582400.0,0.0
1619586000.0,0.0
1619589600.0,0.0
1619593200.0,0.0
1619596800.0,0.0
1619600400.0,0.0
1619604000.0,0.0
1619607600.0,0.0
1619611200.0,0.0
1619614800.0,0.0
1619618400.0,0.0
1619622000.0,0.0
1619625600.0,0.0
1619629200.0,0.0
1619632800.0,0.0
1619636400.0,0.0
1619640000.0,0.0
1619643600.0,0.0
1619647200.0,0.0
1619650800.0,0.0
1619654400.0,0.0
1619658000.0,0.0
1619661600.0,0.0
1619665200.0,0.0
1619668800.0,0.0
1619672400.0,0.0
1619676000.0,0.0
1619679600.0,0.0
1619683200.0,0.0
1619686800.0,0.0
1619690400.0,0.0
1619694000.0,0.0
1619697600.0,0.0
1619701200.0,0.0
1619704800.0,0.0
1619708400.0,0.0
1619712000.0,0.0
1619715600.0,0.0
1619719200.0,0.0
1619722800.0,0.0
1619726400.0,0.0
1619730000.0,0.0
1619733600.0,0.0
1619737200.0,0.0
1619740800.0,0.0
1619744400.0,0.0
1619748000.0,0.0
1619751600.0,0.0
1619755200.0,0.0
1619758800.0,0.0
1619762400.0,0.0
1619766000.0,0.0
1619769600.0,0.0
1619773200.0,0.0
1619776800.0,0.0
1619780400.0,0.0
1619784000.0,0.0
1619787600.0,0.0
1619791200.0,0.0
1619794800.0,0.0
1619798400.0,0.0
1619802000.0,0.0
1619805600.0,0.0
1619809200.0,0.0
1619812800.0,0.0
1619816400.0,0.0
1619820000.0,0.0
1619823600.0,0.0
1619827200.0,0.0
1619830800.0,0.0
1619834400.0,0.0
1619838000.0,0.0
1619841600.0,0.0
1619845200.0,0.0
1619848800.0,0.0
1619852400.0,0.0
1619856000.0,0.0
1619859600.0,0.0
1619863200.0,0.0
1619866800.0,0.0
1619870400.0,0.0
1619874000.0,0.0
1619877600.0,0.0
1619881200.0,0.0
1619884800.0,0.0
1619888400.0,0.0
1619892000.0,0.0
1619895600.0,0.0
1619899200.0,0.0
1619902800.0,0.0
1619906400.0,0.0
1619910000.0,0.0
1619913600.0,0.0
1619917200.0,0.0
1619920800.0,0.0
1619924400.0,0.0
1619928000.0,0.0
1619931600.0,0.0
1619935200.0,0.0
1619938800.0,0.0
1619942400.0,0.0
1619946000.0,0.0
1619949600.0,0.0
1619953200.0,0.0
1619956800.0,0.0
1619960400.0,0.0
1619964000.0,0.0
1619967600.0,0.0
1619971200.0,0.0
1619974800.0,0.0
1619978400.0,0.0
1619982000.0,0.0
1619985600.0,0.0
1619989200.0,0.0
1619992800.0,0.0
1619996400.0,0.0
1620000000.0,0.0
1620003600.0,0.0
1620007200.0,0.0
1620010800.0,0.0
1620014400.0,0.0
1620018000.0,0.0
1620021600.0,0.0
1620025200.0,0.0
1620028800.0,0.0
1620032400.0,0.0
1620036000.0,0.0
1620039600.0,0.0
1620043200.0,0.0
1620046800.0,0.0
1620050400.0,0.0
1620054000.0,0.0
1620057600.0,0.0
1620061200.0,0.0
1620064800.0,0.0
1620068400.0,0.0
1620072000.0,0.0
1620075600.0,0.0
1620079200.0,0.0
1620082800.0,0.0
1620086400.0,0.0
1620090000.0,0.0
1620093600.0,0.0
1620097200.0,0.0
1620100800.0,0.0
1620104400.0,0.0
1620108000.0,0.0
1620111600.0,0.0
1620115200.0,0.0
1620118800.0,0.0
1620122400.0,0.0
1620126000.0,0.0
1620129600.0,0.0
1620133200.0,0.0
1620136800.0,0.0
1620140400.0,0.0
1620144000.0,0.0
1620147600.0,0.0
1620151200.0,0.0
1620154800.0,0.0
1620158400.0,0.0
1620162000.0,0.0
1620165600.0,0.0
1620169200.0,0.0
1620172800.0,0.0
1620176400.0,0.0
1620180000.0,0.0
1620183600.0,0.0
1620187200.0,0.0
1620190800.0,0.0
1620194400.0,0.0
1620198000.0,0.0
1620201600.0,0.0
1620205200.0,0.0
1620208800.0,0.0
1620212400.0,0.0
1620216000.0,0.0
1620219600.0,0.0
1620223200.0,0.0
1620226800.0,0.0
1620230400.0,0.0
1620234000.0,0.0
1620237600.0,0.0
1620241200.0,0.0
1620244800.0,0.0
1620248400.0,0.0
1620252000.0,0.0
1620255600.0,0.0
1620259200.0,0.0
1620262800.0,0.0
1620266400.0,0.0
1620270000.0,0.0
1620273600.0,0.0
1620277200.0,0.0
1620280800.0,0.0
1620284400.0,0.0
1620288000.0,0.0
1620291600.0,0.0
1620295200.0,0.0
1620298800.0,0.0
1620302400.0,0.0
1620306000.0,0.0
1620309600.0,0.0
1620313200.0,0.0
1620316800.0,0.0
1620320400.0,0.0
1620324000.0,0.0
1620327600.0,0.0
1620331200.0,0.0
1620334800.0,0.0
1620338400.0,0.0
1620342000.0,0.0
1620345600.0,0.0
1620349200.0,0.0
1620352800.0,0.0
1620356400.0,0.0
1620360000.0,0.0
1620363600.0,0.0
1620367200.0,0.0
1620370800.0,0.0
1620374400.0,0.0
1620378000.0,0.0
1620381600.0,0.0
1620385200.0,0.0
1620388800.0,0.0
1620392400.0,0.0
1620396000.0,0.0
1620399600.0,0.0
1620403200.0,0.0
1620406800.0,0.0
1620410400.0,0.0
1620414000.0,0.0
1620417600.0,0.0
1620421200.0,0.0
1620424800.0,0.0
1620428400.0,0.0
1620432000.0,0.0
1620435600.0,0.0
1620439200.0,0.0
1620442800.0,0.0
1620446400.0,0.0
1620450000.0,0.0
1620453600.0,0.0
1620457200.0,0.0
1620460800.0,0.0
1620464400.0,0.0
1620468000.0,0.0
1620471600.0,0.0
1620475200.0,0.0
1620478800.0,0.0
1620482400.0,0.0
1620486000.0,0.0
1620489600.0,0.0
1620493200.0,0.0
1620496800.0,0.0
1620500400.0,0.0
1620504000.0,0.0
1620507600.0,0.0
1620511200.0,0.0
1620514800.0,0.0
1620518400.0,0.0
1620522000.0,0.0
1620525600.0,0.0
1620529200.0,0.0
1620532800.0,0.0
1620536400.0,0.0
1620540000.0,0.0
1620543600.0,0.0
1620547200.0,0.0
1620550800.0,0.0
1620554400.0,0.0
1620558000.0,0.0
1620561600.0,0.0
1620565200.0,0.0
1620568800.0,0.0
1620572400.0,0.0
1620576000.0,0.0
1620579600.0,0.0
1620583200.0,0.0
1620586800.0,0.0
1620590400.0,0.0
1620594000.0,0.0
1620597600.0,0.0
1620601200.0,0.0
1620604800.0,0.0
1620608400.0,0.0
1620612000.0,0.0
1620615600.0,0.0
1620619200.0,0.0
1620622800.0,0.0
1620626400.0,0.0
1620630000.0,0.0
1620633600.0,0.0
1620637200.0,0.0
1620640800.0,0.0
1620644400.0,0.0
1620648000.0,0.0
1620651600.0,0.0
1620655200.0,0.0
1620658800.0,0.0
1620662400.0,0.0
1620666000.0,0.0
1620669600.0,0.0
1620673200.0,0.0
1620676800.0,0.0
1620680400.0,0.0
1620684000.0,0.0
1620687600.0,0.0
1620691200.0,0.0
1620694800.0,0.0
1620698400.0,0.0
1620702000.0,0.0
1620705600.0,0.0
1620709200.0,0.0
1620712800.0,0.0
1620716400.0,0.0
1620720000.0,0.0
1620723600.0,0.0
1620727200.0,0.0
1620730800.0,0.0
1620734400.0,0.0
1620738000.0,0.0
1620741600.0,0.0
1620745200.0,0.0
1620748800.0,0.0
1620752400.0,0.0
1620756000.0,0.0
1620759600.0,0.0
1620763200.0,0.0
1620766800.0,0.0
1620770400.0,0.0
1620774000.0,0.0
1620777600.0,0.0
1620781200.0,0.0
1620784800.0,0.0
1620788400.0,0.0
1620792000.0,0.0
1620795600.0,0.0
1620799200.0,0.0
1620802800.0,0.0
1620806400.0,0.0
1620810000.0,0.0
1620813600.0,0.0
1620817200.0,0.0
1620820800.0,0.0
1620824400.0,0.0
1620828000.0,0.0
1620831600.0,0.0
1620835200.0,0.0
1620838800.0,0.0
1620842400.0,0.0
1620846000.0,0.0
1620849600.0,0.0
1620853200.0,0.0
1620856800.0,0.0
1620860400.0,0.0
1620864000.0,0.0
1620867600.0,0.0
1620871200.0,0.0
1620874800.0,0.0
1620878400.0,0.0
1620882000.0,0.0
1620885600.0,0.0
1620889200.0,0.0
1620892800.0,0.0
1620896400.0,0.0
1620900000.0,0.0
1620903600.0,0.0
1620907200.0,0.0
1620910800.0,0.0
1620914400.0,0.0
1620918000.0,0.0
1620921600.0,0.0
1620925200.0,0.0
1620928800.0,0.0
1620932400.0,0.0
1620936000.0,0.0
1620939600.0,0.0
1620943200.0,0.0
1620946800.0,0.0
1620950400.0,0.0
1620954000.0,0.0
1620957600.0,0.0
1620961200.0,0.0
1620964800.0,0.0
1620968400.0,0.0
1620972000.0,0.0
1620975600.0,0.0
1620979200.0,0.0
1620982800.0,0.0
1620986400.0,0.0
1620990000.0,0.0
1620993600.0,0.0
1620997200.0,0.0
1621000800.0,0.0
1621004400.0,0.0
1621008000.0,0.0
1621011600.0,0.0
1621015200.0,0.0
1621018800.0,0.0
1621022400.0,0.0
1621026000.0,0.0
1621029600.0,0.0
1621033200.0,0.0
1621036800.0,0.0
1621040400.0,0.0
1621044000.0,0.0
1621047600.0,0.0
1621051200.0,0.0
1621054800.0,0.0
1621058400.0,0.0
1621062000.0,0.0
1621065600.0,0.0
1621069200.0,0.0
1621072800.0,0.0
1621076400.0,0.0
1621080000.0,0.0
1621083600.0,0.0
1621087200.0,0.0
1621090800.0,0.0
1621094400.0,0.0
1621098000.0,0.0
1621101600.0,0.0
1621105200.0,0.0
1621108800.0,0.0
1621112400.0,0.0
1621116000.0,0.0
1621119600.0,0.0
1621123200.0,0.0
1621126800.0,0.0
1621130400.0,0.0
1621134000.0,0.0
1621137600.0,0.0
1621141200.0,0.0
1621144800.0,0.0
1621148400.0,0.0
1621152000.0,0.0
1621155600.0,0.0
1621159200.0,0.0
1621162800.0,0.0
1621166400.0,0.0
1621170000.0,0.0
1621173600.0,0.0
1621177200.0,0.0
1621180800.0,0.0
1621184400.0,0.0
1621188000.0,0.0
1621191600.0,0.0
1621195200.0,0.0
1621198800.0,0.0
1621202400.0,0.0
1621206000.0,0.0
1621209600.0,0.0
1621213200.0,0.0
1621216800.0,0.0
1621220400.0,0.0
1621224000.0,0.0
1621227600.0,0.0
1621231200.0,0.0
1621234800.0,0.0
1621238400.0,0.0
1621242000.0,0.0
1621245600.0,0.0
1621249200.0,0.0
1621252800.0,0.0
1621256400.0,0.0
1621260000.0,0.0
1621263600.0,0.0
1621267200.0,0.0
1621270800.0,0.0
1621274400.0,0.0
1621278000.0,0.0
1621281600.0,0.0
1621285200.0,0.0
1621288800.0,0.0
1621292400.0,0.0
1621296000.0,0.0
1621299600.0,0.0
1621303200.0,0.0
1621306800.0,0.0
1621310400.0,0.0
1621314000.0,0.0
1621317600.0,0.0
1621321200.0,0.0
1621324800.0,0.0
1621328400.0,0.0
1621332000.0,0.0
1621335600.0,0.0
1621339200.0,0.0
1621342800.0,0.0
1621346400.0,0.0
1621350000.0,0.0
1621353600.0,0.0
1621357200.0,0.0
1621360800.0,0.0
1621364400.0,0.0
1621368000.0,0.0
1621371600.0,0.0
1621375200.0,0.0
1621378800.0,0.0
1621382400.0,0.0
1621386000.0,0.0
1621389600.0,0.0
1621393200.0,0.0
1621396800.0,0.0
1621400400.0,0.0
1621404000.0,0.0
1621407600.0,0.0
1621411200.0,0.0
1621414800.0,0.0
1621418400.0,0.0
1621422000.0,0.0
1621425600.0,0.0
1621429200.0,0.0
1621432800.0,0.0
1621436400.0,0.0
1621440000.0,0.0
1621443600.0,0.0
1621447200.0,0.0
1621450800.0,0.0
1621454400.0,0.0
1621458000.0,0.0
1621461600.0,0.0
1621465200.0,0.0
1621468800.0,0.0
1621472400.0,0.0
1621476000.0,0.0
1621479600.0,0.0
1621483200.0,0.0
1621486800.0,0.0
1621490400.0,0.0
1621494000.0,0.0
1621497600.0,0.0
1621501200.0,0.0
1621504800.0,0.0
1621508400.0,0.0
1621512000.0,0.0
1621515600.0,0.0
1621519200.0,0.0
1621522800.0,0.0
1621526400.0,0.0
1621530000.0,0.0
1621533600.0,0.0
1621537200.0,0.0
1621540800.0,0.0
1621544400.0,0.0
1621548000.0,0.0
1621551600.0,0.0
1621555200.0,0.0
1621558800.0,0.0
1621562400.0,0.0
1621566000.0,0.0
1621569600.0,0.0
1621573200.0,0.0
1621576800.0,0.0
1621580400.0,0.0
1621584000.0,0.0
1621587600.0,0.0
1621591200.0,0.0
1621594800.0,0.0
1621598400.0,0.0
1621602000.0,0.0
1621605600.0,0.0
1621609200.0,0.0
1621612800.0,0.0
1621616400.0,0.0
1621620000.0,0.0
1621623600.0,0.0
1621627200.0,0.0
1621630800.0,0.0
1621634400.0,0.0
1621638000.0,0.0
1621641600.0,0.0
1621645200.0,0.0
1621648800.0,0.0
1621652400.0,0.0
1621656000.0,0.0
1621659600.0,0.0
1621663200.0,0.0
1621666800.0,0.0
1621670400.0,0.0
1621674000.0,0.0
1621677600.0,0.0
1621681200.0,0.0
1621684800.0,0.0
1621688400.0,0.0
1621692000.0,0.0
1621695600.0,0.0
1621699200.0,0.0
1621702800.0,0.0
1621706400.0,0.0
1621710000.0,0.0
1621713600.0,0.0
1621717200.0,0.0
1621720800.0,0.0
1621724400.0,0.0
1621728000.0,0.0
1621731600.0,0.0
1621735200.0,0.0
1621738800.0,0.0
1621742400.0,0.0
1621746000.0,0.0
1621749600.0,0.0
1621753200.0,0.0
1621756800.0,0.0
1621760400.0,0.0
1621764000.0,0.0
1621767600.0,0.0
1621771200.0,0.0
1621774800.0,0.0
1621778400.0,0.0
1621782000.0,0.0
1621785600.0,0.0
1621789200.0,0.0
1621792800.0,0.0
1621796400.0,0.0
1621800000.0,0.0
1621803600.0,0.0
1621807200.0,0.0
1621810800.0,0.0
1621814400.0,0.0
1621818000.0,0.0
1621821600.0,0.0
1621825200.0,0.0
1621828800.0,0.0
1621832400.0,0.0
1621836000.0,0.0
1621839600.0,0.0
1621843200.0,0.0
1621846800.0,0.0
1621850400.0,0.0
1621854000.0,0.0
1621857600.0,0.0
1621861200.0,0.0
1621864800.0,0.0
1621868400.0,0.0
1621872000.0,0.0
1621875600.0,0.0
1621879200.0,0.0
1621882800.0,0.0
1621886400.0,0.0
1621890000.0,0.0
1621893600.0,0.0
1621897200.0,0.0
1621900800.0,0.0
1621904400.0,0.0
1621908000.0,0.0
1621911600.0,0.0
1621915200.0,0.0
1621918800.0,0.0
1621922400.0,0.0
1621926000.0,0.0
1621929600.0,0.0
1621933200.0,0.0
1621936800.0,0.0
1621940400.0,0.0
1621944000.0,0.0
1621947600.0,0.0
1621951200.0,0.0
1621954800.0,0.0
1621958400.0,0.0
1621962000.0,0.0
1621965600.0,0.0
1621969200.0,0.0
1621972800.0,0.0
1621976400.0,0.0
1621980000.0,0.0
1621983600.0,0.0
1621987200.0,0.0
1621990800.0,0.0
1621994400.0,0.0
1621998000.0,0.0
1622001600.0,0.0
1622005200.0,0.0
1622008800.0,0.0
1622012400.0,0.0
1622016000.0,0.0
1622019600.0,0.0
1622023200.0,0.0
1622026800.0,0.0
1622030400.0,0.0
1622034000.0,0.0
1622037600.0,0.0
1622041200.0,0.0
1622044800.0,0.0
1622048400.0,0.0
1622052000.0,0.0
1622055600.0,0.0
1622059200.0,0.0
1622062800.0,0.0
1622066400.0,0.0
1622070000.0,0.0
1622073600.0,0.0
1622077200.0,0.0
1622080800.0,0.0
1622084400.0,0.0
1622088000.0,0.0
1622091600.0,0.0
1622095200.0,0.0
1622098800.0,0.0
1622102400.0,0.0
1622106000.0,0.0
1622109600.0,0.0
1622113200.0,0.0
1622116800.0,0.0
1622120400.0,0.0
1622124000.0,0.0
1622127600.0,0.0
1622131200.0,0.0
1622134800.0,0.0
1622138400.0,0.0
1622142000.0,0.0
1622145600.0,0.0
1622149200.0,0.0
1622152800.0,0.0
1622156400.0,0.0
1622160000.0,0.0
1622163600.0,0.0
1622167200.0,0.0
1622170800.0,0.0
1622174400.0,0.0
1622178000.0,0.0
1622181600.0,0.0
1622185200.0,0.0
1622188800.0,0.0
1622192400.0,0.0
1622196000.0,0.0
1622199600.0,0.0
1622203200.0,0.0
1622206800.0,0.0
1622210400.0,0.0
1622214000.0,0.0
1622217600.0,0.0
1622221200.0,0.0
1622224800.0,0.0
1622228400.0,0.0
1622232000.0,0.0
1622235600.0,0.0
1622239200.0,0.0
1622242800.0,0.0
1622246400.0,0.0
1622250000.0,0.0
1622253600.0,0.0
1622257200.0,0.0
1622260800.0,0.0
1622264400.0,0.0
1622268000.0,0.0
1622271600.0,0.0
1622275200.0,0.0
1622278800.0,0.0
1622282400.0,0.0
1622286000.0,0.0
1622289600.0,0.0
1622293200.0,0.0
1622296800.0,0.0
1622300400.0,0.0
1622304000.0,0.0
1622307600.0,0.0
1622311200.0,0.0
1622314800.0,0.0
1622318400.0,0.0
1622322000.0,0.0
1622325600.0,0.0
1622329200.0,0.0
1622332800.0,0.0
1622336400.0,0.0
1622340000.0,0.0
1622343600.0,0.0
1622347200.0,0.0
1622350800.0,0.0
1622354400.0,0.0
1622358000.0,0.0
1622361600.0,0.0
1622365200.0,0.0
1622368800.0,0.0
1622372400.0,0.0
1622376000.0,0.0
1622379600.0,0.0
1622383200.0,0.0
1622386800.0,0.0
1622390400.0,0.0
1622394000.0,0.0
1622397600.0,0.0
1622401200.0,0.0
1622404800.0,0.0
1622408400.0,0.0
1622412000.0,0.0
1622415600.0,0.0
1622419200.0,0.0
1622422800.0,0.0
1622426400.0,0.0
1622430000.0,0.0
1622433600.0,0.0
1622437200.0,0.0
1622440800.0,0.0
1622444400.0,0.0
1622448000.0,0.0
1622451600.0,0.0
1622455200.0,0.0
1622458800.0,0.0
1622462400.0,0.0
1622466000.0,0.0
1622469600.0,0.0
1622473200.0,0.0
1622476800.0,0.0
1622480400.0,0.0
1622484000.0,0.0
1622487600.0,0.0
1622491200.0,0.0
1622494800.0,0.0
1622498400.0,0.0
1622502000.0,0.0
1622505600.0,0.0
1622509200.0,0.0
1622512800.0,0.0
1622516400.0,0.0
1622520000.0,0.0
1622523600.0,0.0
1622527200.0,0.0
1622530800.0,0.0
1622534400.0,0.0
1622538000.0,0.0
1622541600.0,0.0
1622545200.0,0.0
1622548800.0,0.0
1622552400.0,0.0
1622556000.0,0.0
1622559600.0,0.0
1622563200.0,0.0
1622566800.0,0.0
1622570400.0,0.0
1622574000.0,0.0
1622577600.0,0.0
1622581200.0,0.0
1622584800.0,0.0
1622588400.0,0.0
1622592000.0,0.0
1622595600.0,0.0
1622599200.0,0.0
1622602800.0,0.0
1622606400.0,0.0
1622610000.0,0.0
1622613600.0,0.0
1622617200.0,0.0
1622620800.0,0.0
1622624400.0,0.0
1622628000.0,0.0
1622631600.0,0.0
1622635200.0,0.0
1622638800.0,0.0
1622642400.0,0.0
1622646000.0,0.0
1622649600.0,0.0
1622653200.0,0.0
1622656800.0,0.0
1622660400.0,0.0
1622664000.0,0.0
1622667600.0,0.0
1622671200.0,0.0
1622674800.0,0.0
1622678400.0,0.0
1622682000.0,0.0
1622685600.0,0.0
1622689200.0,0.0
1622692800.0,0.0
1622696400.0,0.0
1622700000.0,0.0
1622703600.0,0.0
1622707200.0,0.0
1622710800.0,0.0
1622714400.0,0.0
1622718000.0,0.0
1622721600.0,0.0
1622725200.0,0.0
1622728800.0,0.0
1622732400.0,0.0
1622736000.0,0.0
1622739600.0,0.0
1622743200.0,0.0
1622746800.0,0.0
1622750400.0,0.0
1622754000.0,0.0
1622757600.0,0.0
1622761200.0,0.0
1622764800.0,0.0
1622768400.0,0.0
1622772000.0,0.0
1622775600.0,0.0
1622779200.0,0.0
1622782800.0,0.0
1622786400.0,0.0
1622790000.0,0.0
1622793600.0,0.0
1622797200.0,0.0
1622800800.0,0.0
1622804400.0,0.0
1622808000.0,0.0
1622811600.0,0.0
1622815200.0,0.0
1622818800.0,0.0
1622822400.0,0.0
1622826000.0,0.0
1622829600.0,0.0
1622833200.0,0.0
1622836800.0,0.0
1622840400.0,0.0
1622844000.0,0.0
1622847600.0,0.0
1622851200.0,0.0
1622854800.0,0.0
1622858400.0,0.0
1622862000.0,0.0
1622865600.0,0.0
1622869200.0,0.0
1622872800.0,0.0
1622876400.0,0.0
1622880000.0,0.0
1622883600.0,0.0
1622887200.0,0.0
1622890800.0,0.0
1622894400.0,0.0
1622898000.0,0.0
1622901600.0,0.0
1622905200.0,0.0
1622908800.0,0.0
1622912400.0,0.0
1622916000.0,0.0
1622919600.0,0.0
1622923200.0,0.0
1622926800.0,0.0
1622930400.0,0.0
1622934000.0,0.0
1622937600.0,0.0
1622941200.0,0.0
1622944800.0,0.0
1622948400.0,0.0
1622952000.0,0.0
1622955600.0,0.0
1622959200.0,0.0
1622962800.0,0.0
1622966400.0,0.0
1622970000.0,0.0
1622973600.0,0.0
1622977200.0,0.0
1622980800.0,0.0
1622984400.0,0.0
1622988000.0,0.0
1622991600.0,0.0
1622995200.0,0.0
1622998800.0,0.0
1623002400.0,0.0
1623006000.0,0.0
1623009600.0,0.0
1623013200.0,0.0
1623016800.0,0.0
1623020400.0,0.0
1623024000.0,0.0
1623027600.0,0.0
1623031200.0,0.0
1623034800.0,0.0
1623038400.0,0.0
1623042000.0,0.0
1623045600.0,0.0
1623049200.0,0.0
1623052800.0,0.0
1623056400.0,0.0
1623060000.0,0.0
1623063600.0,0.0
1623067200.0,0.0
1623070800.0,0.0
1623074400.0,0.0
1623078000.0,0.0
1623081600.0,0.0
1623085200.0,0.0
1623088800.0,0.0
1623092400.0,0.0
1623096000.0,0.0
1623099600.0,0.0
1623103200.0,0.0
1623106800.0,0.0
1623110400.0,0.0
1623114000.0,0.0
1623117600.0,0.0
1623121200.0,0.0
1623124800.0,0.0
1623128400.0,0.0
1623132000.0,0.0
1623135600.0,0.0
1623139200.0,0.0
1623142800.0,0.0
1623146400.0,0.0
1623150000.0,0.0
1623153600.0,0.0
1623157200.0,0.0
1623160800.0,0.0
1623164400.0,0.0
1623168000.0,0.0
1623171600.0,0.0
1623175200.0,0.0
1623178800.0,0.0
1623182400.0,0.0
1623186000.0,0.0
1623189600.0,0.0
1623193200.0,0.0
1623196800.0,0.0
1623200400.0,0.0
1623204000.0,0.0
1623207600.0,0.0
1623211200.0,0.0
1623214800.0,0.0
1623218400.0,0.0
1623222000.0,0.0
1623225600.0,0.0
1623229200.0,0.0
1623232800.0,0.0
1623236400.0,0.0
1623240000.0,0.0
1623243600.0,0.0
1623247200.0,0.0
1623250800.0,0.0
1623254400.0,0.0
1623258000.0,0.0
1623261600.0,0.0
1623265200.0,0.0
1623268800.0,0.0
1623272400.0,0.0
1623276000.0,0.0
1623279600.0,0.0
1623283200.0,0.0
1623286800.0,0.0
1623290400.0,0.0
1623294000.0,0.0
1623297600.0,0.0
1623301200.0,0.0
1623304800.0,0.0
1623308400.0,0.0
1623312000.0,0.0
1623315600.0,0.0
1623319200.0,0.0
1623322800.0,0.0
1623326400.0,0.0
1623330000.0,0.0
1623333600.0,0.0
1623337200.0,0.0
1623340800.0,0.0
1623344400.0,0.0
1623348000.0,0.0
1623351600.0,0.0
1623355200.0,0.0
1623358800.0,0.0
1623362400.0,0.0
1623366000.0,0.0
1623369600.0,0.0
1623373200.0,0.0
1623376800.0,0.0
1623380400.0,0.0
1623384000.0,0.0
1623387600.0,0.0
1623391200.0,0.0
1623394800.0,0.0
1623398400.0,0.0
1623402000.0,0.0
1623405600.0,0.0
1623409200.0,0.0
1623412800.0,0.0
1623416400.0,0.0
1623420000.0,0.0
1623423600.0,0.0
1623427200.0,0.0
1623430800.0,0.0
1623434400.0,0.0
1623438000.0,0.0
1623441600.0,0.0
1623445200.0,0.0
1623448800.0,0.0
1623452400.0,0.0
1623456000.0,0.0
1623459600.0,0.0
1623463200.0,0.0
1623466800.0,0.0
1623470400.0,0.0
1623474000.0,0.0
1623477600.0,0.0
1623481200.0,0.0
1623484800.0,0.0
1623488400.0,0.0
1623492000.0,0.0
1623495600.0,0.0
1623499200.0,0.0
1623502800.0,0.0
1623506400.0,0.0
1623510000.0,0.0
1623513600.0,0.0
1623517200.0,0.0
1623520800.0,0.0
1623524400.0,0.0
1623528000.0,0.0
1623531600.0,0.0
1623535200.0,0.0
1623538800.0,0.0
1623542400.0,0.0
1623546000.0,0.0
1623549600.0,0.0
1623553200.0,0.0
1623556800.0,0.0
1623560400.0,0.0
1623564000.0,0.0
1623567600.0,0.0
1623571200.0,0.0
1623574800.0,0.0
1623578400.0,0.0
1623582000.0,0.0
1623585600.0,0.0
1623589200.0,0.0
1623592800.0,0.0
1623596400.0,0.0
1623600000.0,0.0
1623603600.0,0.0
1623607200.0,0.0
1623610800.0,0.0
1623614400.0,0.0
1623618000.0,0.0
1623621600.0,0.0
1623625200.0,0.0
1623628800.0,0.0
1623632400.0,0.0
1623636000.0,0.0
1623639600.0,0.0
1623643200.0,0.0
1623646800.0,0.0
1623650400.0,0.0
1623654000.0,0.0
1623657600.0,0.0
1623661200.0,0.0
1623664800.0,0.0
1623668400.0,0.0
1623672000.0,0.0
1623675600.0,0.0
1623679200.0,0.0
1623682800.0,0.0
1623686400.0,0.0
1623690000.0,0.0
1623693600.0,0.0
1623697200.0,0.0
1623700800.0,0.0
1623704400.0,0.0
1623708000.0,0.0
1623711600.0,0.0
1623715200.0,0.0
1623718800.0,0.0
1623722400.0,0.0
1623726000.0,0.0
1623729600.0,0.0
1623733200.0,0.0
1623736800.0,0.0
1623740400.0,0.0
1623744000.0,0.0
1623747600.0,0.0
1623751200.0,0.0
1623754800.0,0.0
1623758400.0,0.0
1623762000.0,0.0
1623765600.0,0.0
1623769200.0,0.0
1623772800.0,0.0
1623776400.0,0.0
1623780000.0,0.0
1623783600.0,0.0
1623787200.0,0.0
1623790800.0,0.0
1623794400.0,0.0
1623798000.0,0.0
1623801600.0,0.0
1623805200.0,0.0
1623808800.0,0.0
1623812400.0,0.0
1623816000.0,0.0
1623819600.0,0.0
1623823200.0,0.0
1623826800.0,0.0
1623830400.0,0.0
1623834000.0,0.0
1623837600.0,0.0
1623841200.0,0.0
1623844800.0,0.0
1623848400.0,0.0
1623852000.0,0.0
1623855600.0,0.0
1623859200.0,0.0
1623862800.0,0.0
1623866400.0,0.0
1623870000.0,0.0
1623873600.0,0.0
1623877200.0,0.0
1623880800.0,0.0
1623884400.0,0.0
1623888000.0,0.0
1623891600.0,0.0
1623895200.0,0.0
1623898800.0,0.0
1623902400.0,0.0
1623906000.0,0.0
1623909600.0,0.0
1623913200.0,0.0
1623916800.0,0.0
1623920400.0,0.0
1623924000.0,0.0
1623927600.0,0.0
1623931200.0,0.0
1623934800.0,0.0
1623938400.0,0.0
1623942000.0,0.0
1623945600.0,0.0
1623949200.0,0.0
1623952800.0,0.0
1623956400.0,0.0
1623960000.0,0.0
1623963600.0,0.0
1623967200.0,0.0
1623970800.0,0.0
1623974400.0,0.0
1623978000.0,0.0
1623981600.0,0.0
1623985200.0,0.0
1623988800.0,0.0
1623992400.0,0.0
1623996000.0,0.0
1623999600.0,0.0
1624003200.0,0.0
1624006800.0,0.0
1624010400.0,0.0
1624014000.0,0.0
1624017600.0,0.0
1624021200.0,0.0
1624024800.0,0.0
1624028400.0,0.0
1624032000.0,0.0
1624035600.0,0.0
1624039200.0,0.0
1624042800.0,0.0
1624046400.0,0.0
1624050000.0,0.0
1624053600.0,0.0
1624057200.0,0.0
1624060800.0,0.0
1624064400.0,0.0
1624068000.0,0.0
1624071600.0,0.0
1624075200.0,0.0
1624078800.0,0.0
1624082400.0,0.0
1624086000.0,0.0
1624089600.0,0.0
1624093200.0,0.0
1624096800.0,0.0
1624100400.0,0.0
1624104000.0,0.0
1624107600.0,0.0
1624111200.0,0.0
1624114800.0,0.0
1624118400.0,0.0
1624122000.0,0.0
1624125600.0,0.0
1624129200.0,0.0
1624132800.0,0.0
1624136400.0,0.0
1624140000.0,0.0
1624143600.0,0.0
1624147200.0,0.0
1624150800.0,0.0
1624154400.0,0.0
1624158000.0,0.0
1624161600.0,0.0
1624165200.0,0.0
1624168800.0,0.0
1624172400.0,0.0
1624176000.0,0.0
1624179600.0,0.0
1624183200.0,0.0
1624186800.0,0.0
1624190400.0,0.0
1624194000.0,0.0
1624197600.0,0.0
1624201200.0,0.0
1624204800.0,0.0
1624208400.0,0.0
1624212000.0,0.0
1624215600.0,0.0
1624219200.0,0.0
1624222800.0,0.0
1624226400.0,0.0
1624230000.0,0.0
1624233600.0,0.0
1624237200.0,0.0
1624240800.0,0.0
1624244400.0,0.0
1624248000.0,0.0
1624251600.0,0.0
1624255200.0,0.0
1624258800.0,0.0
1624262400.0,0.0
1624266000.0,0.0
1624269600.0,0.0
1624273200.0,0.0
1624276800.0,0.0
1624280400.0,0.0
1624284000.0,0.0
1624287600.0,0.0
1624291200.0,0.0
1624294800.0,0.0
1624298400.0,0.0
1624302000.0,0.0
1624305600.0,0.0
1624309200.0,0.0
1624312800.0,0.0
1624316400.0,0.0
1624320000.0,0.0
1624323600.0,0.0
1624327200.0,0.0
1624330800.0,0.0
1624334400.0,0.0
1624338000.0,0.0
1624341600.0,0.0
1624345200.0,0.0
1624348800.0,0.0
1624352400.0,0.0
1624356000.0,0.0
1624359600.0,0.0
1624363200.0,0.0
1624366800.0,0.0
1624370400.0,0.0
1624374000.0,0.0
1624377600.0,0.0
1624381200.0,0.0
1624384800.0,0.0
1624388400.0,0.0
1624392000.0,0.0
1624395600.0,0.0
1624399200.0,0.0
1624402800.0,0.0
1624406400.0,0.0
1624410000.0,0.0
1624413600.0,0.0
1624417200.0,0.0
1624420800.0,0.0
1624424400.0,0.0
1624428000.0,0.0
1624431600.0,0.0
1624435200.0,0.0
1624438800.0,0.0
1624442400.0,0.0
1624446000.0,0.0
1624449600.0,0.0
1624453200.0,0.0
1624456800.0,0.0
1624460400.0,0.0
1624464000.0,0.0
1624467600.0,0.0
1624471200.0,0.0
1624474800.0,0.0
1624478400.0,0.0
1624482000.0,0.0
1624485600.0,0.0
1624489200.0,0.0
1624492800.0,0.0
1624496400.0,0.0
1624500000.0,0.0
1624503600.0,0.0
1624507200.0,0.0
1624510800.0,0.0
1624514400.0,0.0
1624518000.0,0.0
1624521600.0,0.0
1624525200.0,0.0
1624528800.0,0.0
1624532400.0,0.0
1624536000.0,0.0
1624539600.0,0.0
1624543200.0,0.0
1624546800.0,0.0
1624550400.0,0.0
1624554000.0,0.0
1624557600.0,0.0
1624561200.0,0.0
1624564800.0,0.0
1624568400.0,0.0
1624572000.0,0.0
1624575600.0,0.0
1624579200.0,0.0
1624582800.0,0.0
1624586400.0,0.0
1624590000.0,0.0
1624593600.0,0.0
1624597200.0,0.0
1624600800.0,0.0
1624604400.0,0.0
1624608000.0,0.0
1624611600.0,0.0
1624615200.0,0.0
1624618800.0,0.0
1624622400.0,0.0
1624626000.0,0.0
1624629600.0,0.0
1624633200.0,0.0
1624636800.0,0.0
1624640400.0,0.0
1624644000.0,0.0
1624647600.0,0.0
1624651200.0,0.0
1624654800.0,0.0
1624658400.0,0.0
1624662000.0,0.0
1624665600.0,0.0
1624669200.0,0.0
1624672800.0,0.0
1624676400.0,0.0
1624680000.0,0.0
1624683600.0,0.0
1624687200.0,0.0
1624690800.0,0.0
1624694400.0,0.0
1624698000.0,0.0
1624701600.0,0.0
1624705200.0,0.0
1624708800.0,0.0
1624712400.0,0.0
1624716000.0,0.0
1624719600.0,0.0
1624723200.0,0.0
1624726800.0,0.0
1624730400.0,0.0
1624734000.0,0.0
1624737600.0,0.0
1624741200.0,0.0
1624744800.0,0.0
1624748400.0,0.0
1624752000.0,0.0
1624755600.0,0.0
1624759200.0,0.0
1624762800.0,0.0
1624766400.0,0.0
1624770000.0,0.0
1624773600.0,0.0
1624777200.0,0.0
1624780800.0,0.0
1624784400.0,0.0
1624788000.0,0.0
1624791600.0,0.0
1624795200.0,0.0
1624798800.0,0.0
1624802400.0,0.0
1624806000.0,0.0
1624809600.0,0.0
1624813200.0,0.0
1624816800.0,0.0
1624820400.0,0.0
1624824000.0,0.0
1624827600.0,0.0
1624831200.0,0.0
1624834800.0,0.0
1624838400.0,0.0
1624842000.0,0.0
1624845600.0,0.0
1624849200.0,0.0
1624852800.0,0.0
1624856400.0,0.0
1624860000.0,0.0
1624863600.0,0.0
1624867200.0,0.0
1624870800.0,0.0
1624874400.0,0.0
1624878000.0,0.0
1624881600.0,0.0
1624885200.0,0.0
1624888800.0,0.0
1624892400.0,0.0
1624896000.0,0.0
1624899600.0,0.0
1624903200.0,0.0
1624906800.0,0.0
1624910400.0,0.0
1624914000.0,0.0
1624917600.0,0.0
1624921200.0,0.0
1624924800.0,0.0
1624928400.0,0.0
1624932000.0,0.0
1624935600.0,0.0
1624939200.0,0.0
1624942800.0,0.0
1624946400.0,0.0
1624950000.0,0.0
1624953600.0,0.0
1624957200.0,0.0
1624960800.0,0.0
1624964400.0,0.0
1624968000.0,0.0
1624971600.0,0.0
1624975200.0,0.0
1624978800.0,0.0
1624982400.0,0.0
1624986000.0,0.0
1624989600.0,0.0
1624993200.0,0.0
1624996800.0,0.0
1625000400.0,0.0
1625004000.0,0.0
1625007600.0,0.0
1625011200.0,0.0
1625014800.0,0.0
1625018400.0,0.0
1625022000.0,0.0
1625025600.0,0.0
1625029200.0,0.0
1625032800.0,0.0
1625036400.0,0.0
1625040000.0,0.0
1625043600.0,0.0
1625047200.0,0.0
1625050800.0,0.0
1625054400.0,0.0
1625058000.0,0.0
1625061600.0,0.0
1625065200.0,0.0
1625068800.0,0.0
1625072400.0,0.0
1625076000.0,0.0
1625079600.0,0.0
1625083200.0,0.0
1625086800.0,0.0
1625090400.0,0.0
1625094000.0,0.0
